,Name,totalRevenue,costofGoodsAndServicesSold,researchAndDevelopment,totalAssets,totalLiabilities,inventory,commonStockSharesOutstanding
4/29/2018,NVDA,3.207 B,1.139 B,542 M,11.460 B,3.743 B,797 M,606 M
7/29/2018,NVDA,3.123 B,1.148 B,581 M,12.882 B,4.087 B,1.090 B,607 M
10/28/2018,NVDA,3.181 B,1.260 B,605 M,13.657 B,4.182 B,1.417 B,609 M
1/27/2019,NVDA,2.205 B,998 M,647 M,13.292 B,3.950 B,1.575 B,606 M
4/28/2019,NVDA,2.220 B,924 M,674 M,14.021 B,4.317 B,1.426 B,607 M
7/28/2019,NVDA,2.579 B,1.038 B,704 M,14.775 B,4.439 B,1.204 B,609 M
10/27/2019,NVDA,3.014 B,1.098 B,712 M,15.810 B,4.596 B,1.047 B,610 M
1/26/2020,NVDA,3.105 B,1.090 B,738 M,17.315 B,5.111 B,979 M,612 M
4/26/2020,NVDA,3.080 B,1.076 B,735 M,23.254 B,10.155 B,1.128 B,614 M
7/26/2020,NVDA,3.866 B,1.591 B,997 M,25.180 B,11.266 B,1.401 B,616 M
10/25/2020,NVDA,4.726 B,1.766 B,1.047 B,26.881 B,11.547 B,1.495 B,618 M
1/31/2021,NVDA,5.003 B,1.847 B,1.146 B,28.791 B,11.898 B,1.826 B,620 M
5/2/2021,NVDA,5.661 B,2.032 B,1.153 B,30.796 B,12.022 B,1.992 B,621 M
8/1/2021,NVDA,6.507 B,2.292 B,1.245 B,38.650 B,17.503 B,2.114 B,2.493 B
10/31/2021,NVDA,7.103 B,2.472 B,1.403 B,40.632 B,16.834 B,2.233 B,2.499 B
1/30/2022,NVDA,7.643 B,2.644 B,1.466 B,44.187 B,17.575 B,2.605 B,2.506 B
5/1/2022,NVDA,8.288 B,2.857 B,1.618 B,45.212 B,18.892 B,3.163 B,2.506 B
7/31/2022,NVDA,6.704 B,570 M,1.824 B,43.476 B,19.625 B,3.889 B,2.495 B
10/30/2022,NVDA,5.931 B,2.754 B,1.945 B,40.488 B,19.139 B,4.454 B,2.483 B
1/29/2023,NVDA,6.051 B,2.218 B,1.952 B,41.182 B,19.081 B,5.159 B,2.466 B
3/31/2018,TSLA,3.409 B,2.485 B,367.096 M,27.271 B,21.551 B,2.566 B,169.750 M
6/30/2018,TSLA,4.002 B,2.860 B,386.129 M,27.910 B,22.643 B,3.325 B,170.516 M
9/30/2018,TSLA,6.824 B,-5.313 B,351 M,29.263 B,23.409 B,3.314 B,171.578 M
12/31/2018,TSLA,7.226 B,25.289 M,356 M,29.740 B,23.427 B,3.113 B,172.603 M
3/31/2019,TSLA,4.541 B,80.843 M,340 M,28.913 B,22.875 B,3.837 B,173.682 M
6/30/2019,TSLA,6.350 B,34.829 M,324 M,31.873 B,24.722 B,3.382 B,179.118 M
9/30/2019,TSLA,6.303 B,51.328 M,334 M,32.795 B,25.313 B,3.581 B,180 M
12/31/2019,TSLA,7.384 B,26 M,345 M,34.309 B,26.199 B,3.552 B,181 M
3/31/2020,TSLA,5.985 B,45 M,324 M,37.250 B,26.518 B,4.494 B,185 M
6/30/2020,TSLA,6.036 B,43 M,279 M,38.135 B,26.754 B,4.018 B,186 M
9/30/2020,TSLA,8.771 B,41 M,366 M,45.691 B,28.143 B,4.218 B,948 M
12/31/2020,TSLA,10.744 B,149 M,522 M,52.148 B,28.418 B,4.101 B,960 M
3/31/2021,TSLA,10.389 B,75 M,666 M,52.972 B,28.507 B,4.132 B,963 M
6/30/2021,TSLA,11.958 B,36 M,576 M,55.146 B,28.896 B,4.733 B,984 M
9/30/2021,TSLA,13.757 B,35 M,611 M,57.834 B,29.340 B,5.199 B,1.004 B
12/31/2021,TSLA,17.719 B,149 M,740 M,62.131 B,30.548 B,5.757 B,1.033 B
3/31/2022,TSLA,18.756 B,197 M,865 M,66.038 B,30.632 B,6.691 B,1.036 B
6/30/2022,TSLA,16.934 B,82 M,667 M,68.513 B,30.855 B,8.108 B,1.041 B
9/30/2022,TSLA,21.454 B,97 M,733 M,74.426 B,33.302 B,10.327 B,3.158 B
12/31/2022,TSLA,24.318 B,143 M,810 M,82.338 B,36.440 B,12.839 B,3.164 B
3/31/2018,META,11.966 B,1.927 B,2.238 B,88.945 B,11.325 B,0,2.906 B
6/30/2018,META,13.231 B,2.214 B,2.523 B,90.291 B,10.909 B,0,2.895 B
9/30/2018,META,13.727 B,2.418 B,2.657 B,92.452 B,12.110 B,0,2.885 B
12/31/2018,META,16.692 B,2.796 B,2.855 B,97.334 B,13.207 B,0,2.875 B
3/31/2019,META,15.077 B,2.816 B,2.860 B,109.477 B,22.961 B,0,2.856 B
6/30/2019,META,16.883 B,3.307 B,3.315 B,117.006 B,28.244 B,0,2.855 B
9/30/2019,META,17.648 B,3.155 B,3.548 B,124.418 B,30.419 B,0,2.854 B
12/31/2019,META,20.966 B,3.491 B,3.878 B,133.376 B,32.322 B,0,2.851 B
3/31/2020,META,17.734 B,3.459 B,4.015 B,138.371 B,33.067 B,0,2.851 B
6/30/2020,META,18.683 B,3.829 B,4.462 B,139.691 B,29.244 B,0,2.850 B
9/30/2020,META,21.466 B,4.194 B,4.763 B,146.437 B,28.706 B,0,2.850 B
12/31/2020,META,27.940 B,5.210 B,5.207 B,159.316 B,31.026 B,0,2.854 B
3/31/2021,META,26.167 B,5.131 B,5.197 B,163.523 B,29.866 B,0,2.847 B
6/30/2021,META,29.073 B,5.399 B,6.096 B,170.609 B,32.382 B,0,2.834 B
9/30/2021,META,29.006 B,5.771 B,6.316 B,169.585 B,36.225 B,0,2.814 B
12/31/2021,META,33.527 B,6.348 B,7.046 B,165.987 B,41.108 B,0,2.764 B
3/31/2022,META,27.904 B,6.005 B,7.707 B,164.218 B,40.990 B,0,2.725 B
6/30/2022,META,28.818 B,5.192 B,8.690 B,169.779 B,44.012 B,0,2.704 B
9/30/2022,META,27.710 B,5.716 B,9.170 B,178.894 B,54.800 B,0,2.682 B
12/31/2022,META,31.920 B,8.336 B,9.771 B,185.727 B,60.014 B,0,2.639 B
6/30/2018,NFLX,3.907 B,2.290 B,299.095 M,22.664 B,18.167 B,4.804 B,435.458 M
9/30/2018,NFLX,3.999 B,2.412 B,308.620 M,23.366 B,18.357 B,4.988 B,436.085 M
12/31/2018,NFLX,4.187 B,3.069 B,327.975 M,25.974 B,20.736 B,5.151 B,436.599 M
3/31/2019,NFLX,4.521 B,2.871 B,372.764 M,27.219 B,21.516 B,0,437.192 M
6/30/2019,NFLX,4.923 B,3.006 B,383.233 M,30.171 B,24.066 B,0,437.835 M
9/30/2019,NFLX,5.245 B,3.098 B,379.776 M,30.942 B,24.080 B,0,438.251 M
12/31/2019,NFLX,5.467 B,3.466 B,537.227 M,33.976 B,26.394 B,0,438.807 M
3/31/2020,NFLX,5.768 B,3.600 B,453.817 M,35.060 B,26.651 B,0,439.781 M
6/30/2020,NFLX,6.148 B,3.644 B,435.045 M,37.175 B,27.841 B,0,441.015 M
9/30/2020,NFLX,6.436 B,3.868 B,453.802 M,38.623 B,28.289 B,0,441.795 M
12/31/2020,NFLX,6.644 B,4.165 B,486.936 M,39.280 B,28.215 B,0,442.895 M
3/31/2021,NFLX,7.163 B,3.869 B,525.207 M,40.123 B,27.239 B,0,443.384 M
6/30/2021,NFLX,7.342 B,4.018 B,537.321 M,40.971 B,27.107 B,0,442.596 M
9/30/2021,NFLX,7.483 B,4.207 B,563.887 M,42.740 B,27.425 B,0,442.952 M
12/31/2021,NFLX,7.709 B,5.240 B,647.470 M,44.585 B,28.735 B,0,443.963 M
3/31/2022,NFLX,7.868 B,4.285 B,657.530 M,45.331 B,27.787 B,0,444.274 M
6/30/2022,NFLX,7.970 B,4.691 B,716.846 M,46.351 B,27.275 B,0,444.706 M
9/30/2022,NFLX,7.926 B,4.789 B,662.739 M,47.562 B,27.034 B,0,445.020 M
12/31/2022,NFLX,7.852 B,5.404 B,673.926 M,48.595 B,27.817 B,0,445.347 M
3/31/2023,NFLX,8.162 B,4.804 B,687.275 M,49.490 B,27.662 B,0,444.537 M
4/30/2018,CRM,6.180 B,767 M,424 M,22.963 B,11.903 B,0,729 M
7/31/2018,CRM,3.384 B,849 M,463 M,25.823 B,12.295 B,0,747 M
10/31/2018,CRM,3.356 B,889 M,481 M,26.588 B,11.895 B,0,760 M
1/31/2019,CRM,3.603 B,946 M,518 M,30.737 B,15.132 B,0,770 M
4/30/2019,CRM,3.964 B,914 M,554 M,33.154 B,16.708 B,0,771 M
7/31/2019,CRM,4.029 B,967 M,607 M,33.336 B,16.170 B,0,776 M
10/31/2019,CRM,4.625 B,1.134 B,774 M,49.942 B,16.663 B,0,879 M
1/31/2020,CRM,4.851 B,1.220 B,831 M,55.126 B,21.241 B,0,893 M
4/30/2020,CRM,5.199 B,1.254 B,859 M,53.623 B,19.058 B,0,896 M
7/31/2020,CRM,5.294 B,1.311 B,898 M,57.780 B,19.340 B,0,904 M
10/31/2020,CRM,5.412 B,1.394 B,902 M,59.136 B,18.826 B,0,911 M
1/31/2021,CRM,6.122 B,1.479 B,939 M,66.301 B,24.808 B,0,919 M
4/30/2021,CRM,6.369 B,1.555 B,951 M,64.885 B,22.318 B,0,921 M
7/31/2021,CRM,7.085 B,1.613 B,1.020 B,88.658 B,33.138 B,0,933 M
10/31/2021,CRM,7.403 B,1.844 B,1.203 B,87.436 B,30.382 B,0,980 M
1/31/2022,CRM,7.272 B,2.014 B,1.291 B,95.209 B,37.078 B,0,989 M
4/30/2022,CRM,7.492 B,2.045 B,1.318 B,93.022 B,34.146 B,0,991 M
7/31/2022,CRM,7.839 B,2.127 B,1.329 B,94.148 B,34.050 B,0,997 M
10/31/2022,CRM,7.786 B,2.088 B,1.280 B,91.884 B,32.533 B,0,997 M
1/31/2023,CRM,8.096 B,2.100 B,1.128 B,98.849 B,40.490 B,0,1.009 B
3/31/2018,AMD,1.615 B,1.050 B,343 M,3.763 B,3.048 B,715 M,969 M
6/30/2018,AMD,1.725 B,1.104 B,357 M,4.103 B,3.224 B,750 M,975 M
9/30/2018,AMD,1.623 B,992 M,363 M,4.347 B,3.222 B,738 M,999 M
12/31/2018,AMD,1.390 B,882 M,371 M,4.556 B,3.290 B,845 M,1.005 B
3/31/2019,AMD,1.291 B,751 M,373 M,4.931 B,3.143 B,955 M,1.082 B
6/30/2019,AMD,1.506 B,910 M,373 M,5.102 B,3.201 B,1.015 B,1.086 B
9/30/2019,AMD,1.737 B,1.024 B,406 M,5.253 B,3.077 B,1.040 B,1.114 B
12/31/2019,AMD,2.109 B,1.178 B,395 M,6.028 B,3.201 B,982 M,1.170 B
3/31/2020,AMD,1.755 B,968 M,442 M,5.864 B,2.827 B,1.056 B,1.171 B
6/30/2020,AMD,1.918 B,1.084 B,460 M,6.583 B,3.278 B,1.324 B,1.174 B
9/30/2020,AMD,2.790 B,1.571 B,508 M,7.023 B,3.156 B,1.292 B,1.202 B
12/31/2020,AMD,3.235 B,1.793 B,573 M,8.962 B,3.125 B,1.399 B,1.211 B
3/31/2021,AMD,3.422 B,1.858 B,610 M,10.047 B,3.570 B,1.653 B,1.215 B
6/30/2021,AMD,3.840 B,2.020 B,659 M,10.691 B,3.626 B,1.765 B,1.213 B
9/30/2021,AMD,4.306 B,2.227 B,765 M,11.153 B,4.017 B,1.902 B,1.212 B
12/31/2021,AMD,4.845 B,2.400 B,811 M,12.419 B,4.922 B,1.955 B,1.207 B
3/31/2022,AMD,5.859 B,3.069 B,1.060 B,66.915 B,11.582 B,2.431 B,1.620 B
6/30/2022,AMD,6.525 B,3.522 B,1.300 B,67.502 B,12.333 B,2.648 B,1.612 B
9/30/2022,AMD,5.534 B,3.211 B,1.279 B,67.811 B,13.269 B,3.369 B,1.612 B
12/31/2022,AMD,5.732 B,3.196 B,1.366 B,67.580 B,12.830 B,3.771 B,1.612 B
3/31/2018,INTC,16.678 B,6.335 B,3.311 B,128.596 B,58.431 B,7.146 B,4.660 B
6/30/2018,INTC,16.713 B,6.543 B,3.371 B,125.972 B,55.925 B,7.344 B,4.611 B
9/30/2018,INTC,18.829 B,6.803 B,3.428 B,128.242 B,56.759 B,7.401 B,4.564 B
12/31/2018,INTC,18.495 B,7.430 B,3.433 B,127.963 B,53.400 B,7.253 B,4.516 B
3/31/2019,INTC,15.733 B,6.972 B,3.332 B,129.458 B,55.797 B,7.765 B,4.477 B
6/30/2019,INTC,16.337 B,6.627 B,3.438 B,130.759 B,55.812 B,8.696 B,4.430 B
9/30/2019,INTC,19.029 B,7.895 B,3.208 B,133.768 B,59.526 B,8.638 B,4.350 B
12/31/2019,INTC,19.998 B,8.331 B,3.384 B,136.524 B,59.020 B,8.744 B,4.290 B
3/31/2020,INTC,19.686 B,7.812 B,3.275 B,147.710 B,71.356 B,9.246 B,4.234 B
6/30/2020,INTC,19.487 B,9.221 B,3.354 B,152.539 B,70.529 B,8.969 B,4.253 B
9/30/2020,INTC,18.161 B,8.592 B,3.272 B,145.261 B,70.707 B,9.273 B,4.098 B
12/31/2020,INTC,19.663 B,8.630 B,3.655 B,153.091 B,72.018 B,8.427 B,4.062 B
3/31/2021,INTC,19.398 B,8.819 B,3.623 B,150.622 B,70.815 B,8.487 B,4.038 B
6/30/2021,INTC,19.476 B,8.425 B,3.715 B,154.597 B,69.390 B,8.817 B,4.057 B
9/30/2021,INTC,19.002 B,8.446 B,3.803 B,167.962 B,77.875 B,9.798 B,4.067 B
12/31/2021,INTC,20.324 B,9.519 B,4.049 B,168.406 B,73.015 B,10.776 B,4.070 B
3/31/2022,INTC,18.353 B,9.109 B,4.362 B,176.356 B,73.220 B,11.935 B,4.089 B
6/30/2022,INTC,15.321 B,9.734 B,4.400 B,170.418 B,69.200 B,12.174 B,4.106 B
9/30/2022,INTC,15.338 B,8.803 B,4.302 B,174.841 B,74.956 B,12.831 B,4.127 B
12/31/2022,INTC,14.042 B,8.542 B,4.464 B,182.103 B,80.680 B,13.224 B,4.137 B
3/31/2018,PYPL,7.375 B,1.580 B,258 M,42.322 B,27.681 B,6.537 B,1.183 B
6/30/2018,PYPL,3.857 B,1.696 B,255 M,41.677 B,26.658 B,6.870 B,1.184 B
9/30/2018,PYPL,3.661 B,1.661 B,269 M,43.724 B,28.609 B,0,1.178 B
12/31/2018,PYPL,4.283 B,3.400 B,289 M,43.332 B,27.946 B,0,1.174 B
3/31/2019,PYPL,4.128 B,2.278 B,511 M,46.280 B,31.123 B,0,1.172 B
6/30/2019,PYPL,4.305 B,2.344 B,483 M,48.391 B,32.252 B,0,1.177 B
9/30/2019,PYPL,4.378 B,2.431 B,533 M,50.223 B,33.740 B,0,1.174 B
12/31/2019,PYPL,4.961 B,2.732 B,558 M,51.333 B,34.404 B,0,1.173 B
3/31/2020,PYPL,4.618 B,2.729 B,605 M,54.266 B,38.255 B,0,1.173 B
6/30/2020,PYPL,5.261 B,2.283 B,631 M,63.166 B,45.482 B,0,1.173 B
9/30/2020,PYPL,5.459 B,2.366 B,674 M,65.582 B,47.055 B,0,1.172 B
12/31/2020,PYPL,6.116 B,2.696 B,732 M,70.379 B,50.316 B,0,1.172 B
3/31/2021,PYPL,6.033 B,3.066 B,741 M,72.517 B,53.076 B,0,1.174 B
6/30/2021,PYPL,6.238 B,2.693 B,746 M,73.816 B,52.911 B,0,1.175 B
9/30/2021,PYPL,6.182 B,2.832 B,755 M,74.534 B,52.444 B,0,1.174 B
12/31/2021,PYPL,6.918 B,3.302 B,796 M,75.803 B,54.076 B,0,1.168 B
3/31/2022,PYPL,6.483 B,3.186 B,815 M,75.805 B,55.202 B,0,1.161 B
6/30/2022,PYPL,6.806 B,3.492 B,815 M,77.810 B,58.043 B,0,1.156 B
9/30/2022,PYPL,6.846 B,3.355 B,801 M,76.435 B,56.171 B,0,1.147 B
12/31/2022,PYPL,7.383 B,3.712 B,822 M,78.717 B,58.443 B,0,1.136 B
3/31/2018,ATVI,1.965 B,662 M,259 M,18.397 B,8.578 B,42 M,759 M
6/30/2018,ATVI,1.641 B,510 M,255 M,17.958 B,7.612 B,36 M,761 M
9/30/2018,ATVI,1.440 B,513 M,263 M,16.713 B,6.054 B,174 M,763 M
12/31/2018,ATVI,2.381 B,832 M,325 M,17.890 B,6.498 B,43 M,765 M
3/31/2019,ATVI,1.802 B,563 M,249 M,17.948 B,6.352 B,45 M,764 M
6/30/2019,ATVI,1.373 B,433 M,244 M,17.495 B,5.518 B,46 M,766 M
9/30/2019,ATVI,1.259 B,442 M,210 M,17.805 B,5.570 B,102 M,767 M
12/31/2019,ATVI,1.986 B,657 M,296 M,19.845 B,7.040 B,32 M,770 M
3/31/2020,ATVI,1.765 B,505 M,238 M,19.604 B,6.583 B,0,769 M
6/30/2020,ATVI,1.909 B,469 M,291 M,20.220 B,6.538 B,0,771 M
9/30/2020,ATVI,1.896 B,469 M,274 M,21.577 B,7.195 B,0,772 M
12/31/2020,ATVI,2.385 B,817 M,348 M,23.109 B,8.072 B,0,771 M
3/31/2021,ATVI,2.247 B,578 M,353 M,23.425 B,8.094 B,0,775 M
6/30/2021,ATVI,2.285 B,555 M,335 M,23.572 B,7.286 B,0,777 M
9/30/2021,ATVI,2.043 B,527 M,329 M,23.977 B,7.027 B,0,778 M
12/31/2021,ATVI,2.136 B,658 M,321 M,25.056 B,7.457 B,0,777 M
3/31/2022,ATVI,1.741 B,479 M,346 M,25.012 B,7.181 B,0,780 M
6/30/2022,ATVI,1.617 B,485 M,311 M,24.994 B,6.746 B,0,782 M
9/30/2022,ATVI,1.755 B,502 M,277 M,25.620 B,6.812 B,0,782 M
12/31/2022,ATVI,2.307 B,756 M,486 M,27.383 B,8.140 B,0,785 M
3/31/2018,EA,1.582 B,233 M,335 M,8.584 B,3.989 B,0,306 M
6/30/2018,EA,1.137 B,215 M,362 M,8.247 B,2.987 B,0,305 M
9/30/2018,EA,1.286 B,418 M,339 M,8.450 B,3.133 B,0,304 M
12/31/2018,EA,1.289 B,413 M,334 M,8.857 B,3.513 B,0,302 M
3/31/2019,EA,1.238 B,276 M,398 M,8.957 B,3.626 B,0,298 M
6/30/2019,EA,1.209 B,187 M,381 M,9.749 B,3.264 B,0,296 M
9/30/2019,EA,1.348 B,405 M,387 M,10.593 B,3.435 B,0,293 M
12/31/2019,EA,1.593 B,508 M,389 M,11.161 B,3.924 B,0,291 M
3/31/2020,EA,1.387 B,269 M,402 M,11.112 B,3.651 B,0,288 M
6/30/2020,EA,1.459 B,288 M,438 M,11.284 B,3.502 B,0,289 M
9/30/2020,EA,1.151 B,286 M,421 M,11.470 B,3.395 B,0,290 M
12/31/2020,EA,1.673 B,601 M,451 M,12.420 B,4.457 B,0,288 M
3/31/2021,EA,1.346 B,319 M,468 M,13.288 B,5.448 B,0,286 M
6/30/2021,EA,1.551 B,315 M,515 M,12.734 B,5.006 B,0,285 M
9/30/2021,EA,1.826 B,494 M,553 M,13.019 B,5.163 B,0,284 M
12/31/2021,EA,1.789 B,631 M,539 M,13.930 B,6.313 B,0,282 M
3/31/2022,EA,1.825 B,419 M,579 M,13.800 B,6.175 B,0,280 M
6/30/2022,EA,1.767 B,314 M,572 M,13.192 B,5.551 B,0,279 M
9/30/2022,EA,1.904 B,462 M,565 M,13.079 B,5.281 B,0,278 M
12/31/2022,EA,1.881 B,568 M,556 M,13.470 B,5.919 B,0,275 M
3/31/2018,TTD,84.968 M,22.897 M,17.701 M,739.056 M,476.125 M,0,41.629 M
6/30/2018,TTD,111.269 M,26.601 M,19.484 M,839.405 M,538.431 M,0,42.174 M
9/30/2018,TTD,118.667 M,29.344 M,22.621 M,873.713 M,536.699 M,0,42.721 M
12/31/2018,TTD,158.921 M,35.256 M,24.086 M,1.118 B,723.305 M,0,43.234 M
3/31/2019,TTD,120.654 M,33.651 M,25.312 M,1.082 B,652.979 M,0,43.906 M
6/30/2019,TTD,161.598 M,35.330 M,29.452 M,1.239 B,747.230 M,0,44.404 M
9/30/2019,TTD,166.366 M,39.932 M,29.185 M,1.415 B,879.647 M,0,44.771 M
12/31/2019,TTD,217.423 M,47.267 M,32.803 M,1.729 B,1.116 B,0,45.043 M
3/31/2020,TTD,161.508 M,40.208 M,36.794 M,1.767 B,1.093 B,0,45.501 M
6/30/2020,TTD,139.762 M,42.133 M,40.058 M,1.849 B,1.091 B,0,46.136 M
9/30/2020,TTD,216.826 M,44.826 M,41.079 M,2.138 B,1.306 B,0,46.582 M
12/31/2020,TTD,321.251 M,51.645 M,48.723 M,2.754 B,1.740 B,0,46.923 M
3/31/2021,TTD,220.769 M,50.500 M,53.918 M,2.603 B,1.518 B,0,47.282 M
6/30/2021,TTD,280.282 M,50.809 M,53.536 M,2.793 B,1.591 B,0,475.512 M
9/30/2021,TTD,300.372 M,53.400 M,55.847 M,2.989 B,1.686 B,0,478.101 M
12/31/2021,TTD,394.997 M,66.845 M,62.836 M,3.577 B,2.050 B,0,480.916 M
3/31/2022,TTD,315.668 M,63.890 M,71.999 M,3.433 B,1.784 B,0,484.190 M
6/30/2022,TTD,377.922 M,67.490 M,83.483 M,3.673 B,1.893 B,0,486.310 M
9/30/2022,TTD,397.106 M,70.124 M,79.915 M,3.924 B,2.010 B,0,487.963 M
12/31/2022,TTD,503.305 M,79.619 M,84.479 M,4.381 B,2.265 B,0,489.244 M
3/31/2018,MTCH,995.075 M,201.962 M,76.937 M,6.031 B,3.536 B,0,82.983 M
6/30/2018,MTCH,1.069 B,218.224 M,75.445 M,6.235 B,3.659 B,0,83.604 M
9/30/2018,MTCH,1.079 B,237.238 M,77.740 M,6.372 B,3.772 B,0,83.433 M
12/31/2018,MTCH,1.117 B,-247.424 M,-98.092 M,6.875 B,4.031 B,0,83.602 M
3/31/2019,MTCH,464.625 M,120.224 M,88.700 M,7.160 B,4.380 B,0,83.905 M
6/30/2019,MTCH,497.973 M,126.665 M,32.680 M,8.299 B,5.316 B,0,84.139 M
9/30/2019,MTCH,541.493 M,138.225 M,36.609 M,8.305 B,5.408 B,0,84.393 M
12/31/2019,MTCH,547.167 M,142.070 M,38.397 M,8.365 B,5.437 B,0,84.603 M
3/31/2020,MTCH,544.642 M,143.894 M,43.770 M,8.435 B,6.010 B,0,84.839 M
6/30/2020,MTCH,555.450 M,148.853 M,41.929 M,2.335 B,4.043 B,0,183.477 M
9/30/2020,MTCH,639.770 M,169.823 M,39.280 M,2.670 B,4.113 B,0,260.744 M
12/31/2020,MTCH,651.407 M,173.263 M,44.832 M,3.046 B,4.461 B,0,267.329 M
3/31/2021,MTCH,667.612 M,179.455 M,55.576 M,3.215 B,4.429 B,0,270.082 M
6/30/2021,MTCH,707.760 M,193.099 M,52.133 M,4.434 B,4.576 B,0,276.653 M
9/30/2021,MTCH,801.835 M,232.211 M,66.974 M,4.894 B,4.962 B,0,277.279 M
12/31/2021,MTCH,806.070 M,234.543 M,66.366 M,5.063 B,5.267 B,0,283.470 M
3/31/2022,MTCH,798.631 M,236.236 M,78.794 M,5.043 B,5.166 B,0,285.506 M
6/30/2022,MTCH,794.513 M,240.840 M,86.410 M,4.194 B,4.647 B,0,283.162 M
9/30/2022,MTCH,809.546 M,246.962 M,87.880 M,3.915 B,4.614 B,0,279.277 M
12/31/2022,MTCH,786.153 M,235.925 M,80.555 M,4.183 B,4.543 B,0,279.625 M
3/31/2018,YELP,223.048 M,14.732 M,51.493 M,1.218 B,126.346 M,0,83.597 M
6/30/2018,YELP,234.902 M,14.708 M,52.789 M,1.198 B,99.790 M,0,83.793 M
9/30/2018,YELP,241.171 M,14.177 M,53.764 M,1.233 B,103.763 M,0,84.375 M
12/31/2018,YELP,243.740 M,14.254 M,47.754 M,1.176 B,100.045 M,0,81.997 M
3/31/2019,YELP,236.057 M,14.265 M,58.075 M,1.338 B,343.022 M,0,79.690 M
6/30/2019,YELP,246.952 M,14.975 M,54.566 M,1.083 B,336.978 M,0,71.752 M
9/30/2019,YELP,262.454 M,16.514 M,56.661 M,1.029 B,326.205 M,0,70.200 M
12/31/2019,YELP,268.823 M,16.656 M,56.198 M,1.071 B,315.709 M,0,71.185 M
3/31/2020,YELP,251.793 M,16.847 M,67.113 M,1.085 B,322.792 M,0,71.888 M
6/30/2020,YELP,170.992 M,11.825 M,53.969 M,1.073 B,292.165 M,0,73.121 M
9/30/2020,YELP,222.789 M,13.193 M,53.022 M,1.139 B,323.322 M,0,73.976 M
12/31/2020,YELP,235.205 M,15.321 M,55.996 M,1.155 B,300.413 M,0,75.272 M
3/31/2021,YELP,233.981 M,14.874 M,67.992 M,1.135 B,308.278 M,0,75.065 M
6/30/2021,YELP,258.977 M,17.993 M,68.695 M,1.105 B,301.780 M,0,74.486 M
9/30/2021,YELP,271.431 M,21.185 M,69.402 M,1.079 B,297.245 M,0,73.546 M
12/31/2021,YELP,276.170 M,24.045 M,59.111 M,1.051 B,299.210 M,0,72.171 M
3/31/2022,YELP,279.476 M,23.429 M,80.685 M,1.045 B,320.557 M,0,71.559 M
6/30/2022,YELP,301.567 M,26.988 M,76.848 M,1.023 B,304.564 M,0,71.119 M
9/30/2022,YELP,311.873 M,26.805 M,75.803 M,1.030 B,328.956 M,0,70.399 M
12/31/2022,YELP,312.612 M,28.483 M,72.225 M,1.016 B,305.598 M,0,69.797 M
4/28/2018,CSCO,12.463 B,4.704 B,1.590 B,114.008 B,67.347 B,1.900 B,4.734 B
7/28/2018,CSCO,12.844 B,4.922 B,1.626 B,,,,
10/27/2018,CSCO,12.846 B,4.926 B,1.608 B,105.429 B,61.581 B,1.572 B,4.517 B
1/26/2019,CSCO,12.289 B,4.673 B,1.557 B,102.462 B,61.673 B,1.701 B,4.424 B
4/27/2019,CSCO,12.700 B,4.785 B,1.659 B,97.287 B,60.483 B,1.513 B,4.313 B
7/27/2019,CSCO,13.428 B,4.854 B,1.753 B,97.793 B,64.222 B,1.383 B,4.250 B
10/26/2019,CSCO,13.036 B,4.695 B,1.666 B,92.492 B,58.069 B,1.344 B,4.241 B
1/25/2020,CSCO,11.920 B,4.241 B,1.570 B,90.426 B,54.893 B,1.353 B,4.241 B
4/25/2020,CSCO,11.931 B,4.212 B,1.546 B,91.394 B,55.686 B,1.212 B,4.220 B
7/25/2020,CSCO,12.154 B,4.470 B,1.565 B,94.853 B,56.933 B,1.282 B,4.237 B
10/24/2020,CSCO,11.897 B,4.348 B,1.612 B,95.003 B,56.846 B,1.303 B,4.222 B
1/23/2021,CSCO,11.923 B,4.176 B,1.527 B,95.601 B,56.480 B,1.436 B,4.221 B
5/1/2021,CSCO,12.779 B,4.618 B,1.697 B,93.896 B,53.691 B,1.579 B,4.215 B
7/31/2021,CSCO,13.091 B,4.782 B,1.713 B,97.497 B,56.222 B,1.559 B,4.217 B
10/30/2021,CSCO,12.882 B,4.847 B,1.714 B,95.981 B,53.280 B,1.832 B,4.217 B
1/29/2022,CSCO,12.695 B,4.671 B,1.670 B,94.262 B,54.766 B,2.059 B,4.151 B
4/30/2022,CSCO,12.762 B,4.714 B,1.708 B,92.797 B,52.397 B,2.231 B,4.149 B
7/30/2022,CSCO,13.037 B,5.077 B,1.682 B,94.002 B,54.229 B,2.568 B,4.110 B
10/29/2022,CSCO,13.563 B,5.286 B,1.781 B,93.054 B,52.782 B,2.664 B,4.103 B
1/28/2023,CSCO,13.516 B,5.165 B,1.855 B,95.840 B,54.366 B,3.140 B,4.095 B
7/29/2018,CSCO,,,,109.872 B,65.580 B,1.544 B,4.722 B
6/1/2018,ADBE,2.195 B,17.400 M,374.128 M,15.163 B,6.458 B,0,490.435 M
8/31/2018,ADBE,2.291 B,295.492 M,398.957 M,15.396 B,6.534 B,0,489.007 M
11/30/2018,ADBE,2.465 B,-744.438 M,415.958 M,18.769 B,9.407 B,0,487.663 M
3/1/2019,ADBE,2.601 B,58 M,465 M,19.506 B,9.634 B,0,488.504 M
5/31/2019,ADBE,2.744 B,55.400 M,475.958 M,19.666 B,9.734 B,0,486.273 M
8/30/2019,ADBE,2.834 B,58.800 M,489.827 M,20.055 B,9.812 B,0,484.903 M
11/29/2019,ADBE,2.992 B,54.800 M,499.806 M,20.762 B,10.232 B,0,482.339 M
2/28/2020,ADBE,3.091 B,54 M,532 M,21.214 B,10.749 B,0,483 M
5/29/2020,ADBE,3.128 B,52 M,532 M,21.603 B,10.722 B,0,480 M
8/28/2020,ADBE,3.225 B,51 M,566 M,22.414 B,10.701 B,0,480 M
11/27/2020,ADBE,3.424 B,47 M,558 M,24.284 B,11.020 B,0,479 M
3/5/2021,ADBE,3.905 B,45 M,620 M,24.985 B,11.439 B,0,479 M
6/4/2021,ADBE,3.835 B,44 M,612 M,25.582 B,11.730 B,0,477 M
9/3/2021,ADBE,3.935 B,40 M,651 M,26.144 B,11.730 B,0,476 M
12/3/2021,ADBE,4.110 B,51 M,657 M,27.241 B,12.444 B,0,475 M
3/4/2022,ADBE,4.262 B,59 M,701 M,25.976 B,12.201 B,0,472 M
6/3/2022,ADBE,4.386 B,539 M,738 M,26.326 B,12.341 B,0,471 M
9/2/2022,ADBE,4.433 B,546 M,775 M,26.744 B,12.371 B,0,467 M
12/2/2022,ADBE,4.525 B,568 M,773 M,27.165 B,13.114 B,0,462 M
3/3/2023,ADBE,4.655 B,54 M,827 M,26.667 B,12.461 B,0,459 M
3/31/2018,AGYS,32.056 M,15.311 M,7.228 M,157.207 M,48.776 M,1.999 M,23.325 M
6/30/2018,AGYS,34.004 M,16.118 M,7.089 M,162.228 M,52.479 M,1.765 M,23.527 M
9/30/2018,AGYS,34.200 M,16.454 M,10.151 M,153.626 M,46.652 M,1.678 M,23.531 M
12/31/2018,AGYS,36.011 M,17.367 M,10.059 M,167.433 M,63.328 M,1.566 M,23.535 M
3/31/2019,AGYS,36.618 M,17.023 M,10.518 M,163.591 M,62.969 M,2.044 M,23.501 M
6/30/2019,AGYS,38.388 M,18.375 M,10.064 M,167.448 M,67.525 M,1.483 M,23.680 M
9/30/2019,AGYS,40.720 M,20.505 M,10.778 M,163.795 M,65.430 M,954 K,23.659 M
12/31/2019,AGYS,41.962 M,20.923 M,11.285 M,171.828 M,74.892 M,1.856 M,23.657 M
3/31/2020,AGYS,39.659 M,20.002 M,9.336 M,154.562 M,82.805 M,3.887 M,23.609 M
6/30/2020,AGYS,29.806 M,11.257 M,8.266 M,176.103 M,104.753 M,2.760 M,23.613 M
9/30/2020,AGYS,34.358 M,11.206 M,8.257 M,173.714 M,95.790 M,2.174 M,23.588 M
12/31/2020,AGYS,36.666 M,12.479 M,12.376 M,189.201 M,107.422 M,1.322 M,23.638 M
3/31/2021,AGYS,36.458 M,12.858 M,26.445 M,189.873 M,109.997 M,1.177 M,24.011 M
6/30/2021,AGYS,38.724 M,13.858 M,11.485 M,189.485 M,104.998 M,1.186 M,24.569 M
9/30/2021,AGYS,37.891 M,13.637 M,11.379 M,188.100 M,100.382 M,1.881 M,24.607 M
12/31/2021,AGYS,39.456 M,14.744 M,11.210 M,202.338 M,109.925 M,3.256 M,24.712 M
3/31/2022,AGYS,47.333 M,18.866 M,12.258 M,214.162 M,116.818 M,6.940 M,24.729 M
6/30/2022,AGYS,47.505 M,19.011 M,11.556 M,208.759 M,107.483 M,7.246 M,25.026 M
9/30/2022,AGYS,47.741 M,18.377 M,12.577 M,220.766 M,114.172 M,9.659 M,25.058 M
12/31/2022,AGYS,49.920 M,19.144 M,12.416 M,246.161 M,134.249 M,10.349 M,25.185 M
3/31/2018,MCHP,1.002 B,387.207 M,133.600 M,8.257 B,4.977 B,476.200 M,235.028 M
6/30/2018,MCHP,1.212 B,570.500 M,171.900 M,19.249 B,14.125 B,1.105 B,235.494 M
9/30/2018,MCHP,1.433 B,743.200 M,221.900 M,18.667 B,13.497 B,836.700 M,236.208 M
12/31/2018,MCHP,1.375 B,595.100 M,217.700 M,18.156 B,12.995 B,702.500 M,236.963 M
3/31/2019,MCHP,1.330 B,509.400 M,214.700 M,18.350 B,13.062 B,711.700 M,237.590 M
6/30/2019,MCHP,1.323 B,507.400 M,219.100 M,18.246 B,12.958 B,733.100 M,238.035 M
9/30/2019,MCHP,1.338 B,510.300 M,219.800 M,17.858 B,12.497 B,734.200 M,238.763 M
12/31/2019,MCHP,1.287 B,501.900 M,217.100 M,17.589 B,11.972 B,708.800 M,239.535 M
3/31/2020,MCHP,1.326 B,512.500 M,221.800 M,17.426 B,11.841 B,685.700 M,245.326 M
6/30/2020,MCHP,1.310 B,511.400 M,198 M,17.028 B,11.527 B,657.200 M,252.450 M
9/30/2020,MCHP,1.310 B,501.600 M,199.800 M,16.771 B,11.327 B,661.400 M,260.255 M
12/31/2020,MCHP,1.352 B,506.300 M,210.100 M,16.576 B,11.279 B,666.100 M,269.258 M
3/31/2021,MCHP,1.467 B,540.300 M,228.500 M,16.479 B,11.142 B,665 M,273.529 M
6/30/2021,MCHP,1.569 B,561.800 M,238.400 M,16.278 B,10.758 B,683.800 M,274.040 M
9/30/2021,MCHP,1.650 B,581.500 M,246.200 M,16.215 B,10.512 B,713.600 M,554.870 M
12/31/2021,MCHP,1.758 B,604.200 M,245.400 M,16.047 B,10.244 B,768.200 M,555.989 M
3/31/2022,MCHP,1.844 B,623.800 M,259.100 M,16.200 B,10.305 B,854.400 M,554.501 M
6/30/2022,MCHP,1.964 B,653.700 M,269 M,16.208 B,10.230 B,911.800 M,552.484 M
9/30/2022,MCHP,2.073 B,675.300 M,268.600 M,16.141 B,10.038 B,1.030 B,550.009 M
12/31/2022,MCHP,2.169 B,698.400 M,282.400 M,16.116 B,9.805 B,1.165 B,547.792 M
4/30/2018,DOCU,155.615 M,58.294 M,70.870 M,614.472 M,400.346 M,0,36.776 M
7/31/2018,DOCU,166.997 M,36.361 M,33.773 M,1.170 B,426.228 M,0,156.786 M
10/31/2018,DOCU,174.882 M,45.073 M,38.404 M,1.719 B,909.267 M,0,157.255 M
1/31/2019,DOCU,189.231 M,52.693 M,42.921 M,1.615 B,1.001 B,0,169.303 M
4/30/2019,DOCU,206.806 M,52.019 M,37.183 M,1.738 B,1.141 B,0,173.628 M
7/31/2019,DOCU,228.339 M,61.176 M,47.517 M,1.762 B,1.195 B,0,175.953 M
10/31/2019,DOCU,242.138 M,61.964 M,48.758 M,1.786 B,1.217 B,0,179.252 M
1/31/2020,DOCU,266.434 M,68.075 M,52.094 M,1.891 B,1.345 B,0,181.254 M
4/30/2020,DOCU,289.457 M,74.032 M,54.234 M,1.921 B,1.399 B,0,183.428 M
7/31/2020,DOCU,334.525 M,90.615 M,63.791 M,2.053 B,1.551 B,0,185.137 M
10/31/2020,DOCU,375.154 M,97.831 M,73.362 M,2.051 B,1.625 B,0,186.531 M
1/31/2021,DOCU,391.260 M,101.580 M,80.135 M,2.337 B,2.007 B,0,192.807 M
4/30/2021,DOCU,467.406 M,105.242 M,85.416 M,2.297 B,2.054 B,0,194.734 M
7/31/2021,DOCU,510.175 M,113.780 M,94.651 M,2.356 B,2.144 B,0,196.467 M
10/31/2021,DOCU,543.978 M,115.975 M,102.603 M,2.411 B,2.171 B,0,197.754 M
1/31/2022,DOCU,579.211 M,131.454 M,110.692 M,2.541 B,2.266 B,0,198.834 M
4/30/2022,DOCU,587.043 M,132.416 M,112.227 M,2.574 B,2.225 B,0,199.920 M
7/31/2022,DOCU,620.552 M,136.704 M,126.532 M,2.667 B,2.260 B,0,200.771 M
10/31/2022,DOCU,644.007 M,129.542 M,115.934 M,2.732 B,2.263 B,0,201.069 M
1/31/2023,DOCU,657.924 M,137.426 M,125.891 M,3.013 B,2.395 B,0,201.904 M
4/30/2018,BOX,140.507 M,39.068 M,38.248 M,528.479 M,481.864 M,0,279.950 M
7/31/2018,BOX,150.322 M,42.605 M,41.830 M,545.424 M,510.297 M,0,283.212 M
10/31/2018,BOX,157.158 M,44.724 M,42.310 M,546.887 M,521.241 M,0,286.775 M
1/31/2019,BOX,166.114 M,47.197 M,41.362 M,650.161 M,618.756 M,0,144.311 M
4/30/2019,BOX,162.974 M,48.684 M,46.244 M,825.721 M,795.183 M,0,146.497 M
7/31/2019,BOX,174.381 M,53.872 M,49.693 M,827.316 M,805.050 M,0,147.722 M
10/31/2019,BOX,178.585 M,56.302 M,50.652 M,843.918 M,823.143 M,0,149.478 M
1/31/2020,BOX,184.117 M,56.719 M,53.161 M,959.991 M,937.634 M,0,150.611 M
4/30/2020,BOX,184.843 M,53.995 M,53.114 M,948.913 M,908.065 M,0,153.446 M
7/31/2020,BOX,193.168 M,55.334 M,50.115 M,960.511 M,900.919 M,0,156.399 M
10/31/2020,BOX,197.294 M,56.812 M,49.454 M,941.561 M,853.999 M,0,158.643 M
1/31/2021,BOX,198.181 M,58.597 M,48.579 M,1.352 B,1.201 B,0,159.851 M
4/30/2021,BOX,204.464 M,60.947 M,50.859 M,1.310 B,1.185 B,0,162.762 M
7/31/2021,BOX,216.469 M,60.788 M,52.722 M,1.526 B,1.190 B,0,152.660 M
10/31/2021,BOX,225.603 M,63.069 M,55.837 M,1.405 B,1.185 B,0,149.010 M
1/31/2022,BOX,230.971 M,64.680 M,59.105 M,1.392 B,1.299 B,0,145.081 M
4/30/2022,BOX,240.023 M,62.209 M,61.733 M,1.172 B,1.167 B,0,145.081 M
7/31/2022,BOX,247.785 M,64.843 M,61.965 M,1.066 B,1.157 B,0,142.320 M
10/31/2022,BOX,251.737 M,64.490 M,59.107 M,1.056 B,1.135 B,0,142.915 M
1/31/2023,BOX,254.854 M,61.014 M,60.724 M,1.207 B,1.241 B,0,144.301 M
3/31/2018,VRNS,53.528 M,6.442 M,15.542 M,224.925 M,119.445 M,0,28.749 M
6/30/2018,VRNS,62.190 M,6.440 M,17.717 M,237.067 M,133.261 M,0,29.218 M
9/30/2018,VRNS,67.052 M,7.052 M,17.267 M,245.879 M,135.817 M,0,29.424 M
12/31/2018,VRNS,87.518 M,7.749 M,19.445 M,284.978 M,159.608 M,0,29.577 M
3/31/2019,VRNS,56.360 M,8.326 M,18.768 M,305.446 M,195.451 M,0,30.263 M
6/30/2019,VRNS,59.621 M,8.398 M,19.722 M,304.020 M,203.826 M,0,30.327 M
9/30/2019,VRNS,65.649 M,8.768 M,20.400 M,298.152 M,200.382 M,0,30.482 M
12/31/2019,VRNS,72.560 M,9.652 M,21.874 M,318.312 M,224.780 M,0,30.583 M
3/31/2020,VRNS,54.176 M,10.180 M,22.688 M,286.982 M,206.941 M,0,31.466 M
6/30/2020,VRNS,66.565 M,10.335 M,24.067 M,498.296 M,419.766 M,0,31.544 M
9/30/2020,VRNS,76.751 M,11.284 M,24.670 M,502.519 M,419.599 M,0,31.725 M
12/31/2020,VRNS,95.197 M,12.462 M,27.938 M,555.482 M,461.411 M,0,31.819 M
3/31/2021,VRNS,74.785 M,13.482 M,30.062 M,1.038 B,459.217 M,0,106.147 M
6/30/2021,VRNS,88.418 M,14.201 M,33.333 M,1.032 B,461.946 M,0,106.914 M
9/30/2021,VRNS,100.353 M,14.338 M,34.344 M,1.058 B,481.512 M,0,107.321 M
12/31/2021,VRNS,126.578 M,17.378 M,40.143 M,1.109 B,511.944 M,0,107.509 M
3/31/2022,VRNS,96.261 M,17.809 M,43.570 M,1.052 B,515.784 M,0,109.566 M
6/30/2022,VRNS,111.448 M,17.799 M,44.815 M,1.052 B,525.855 M,0,109.886 M
9/30/2022,VRNS,123.308 M,17.198 M,44.478 M,1.059 B,526.201 M,0,110.214 M
12/31/2022,VRNS,142.617 M,17.030 M,45.018 M,1.044 B,541.607 M,0,107.673 M
3/31/2018,AYX,42.821 M,5.004 M,10.768 M,289.289 M,133.161 M,0,60.052 M
6/30/2018,AYX,46.796 M,5.269 M,10.181 M,507.291 M,322.180 M,0,60.685 M
9/30/2018,AYX,54.179 M,5.810 M,10.531 M,526.490 M,331.766 M,0,61.103 M
12/31/2018,AYX,89.150 M,6.717 M,11.969 M,618.167 M,316.349 M,0,61.462 M
3/31/2019,AYX,73.034 M,8 M,14.072 M,644.192 M,318.354 M,0,61.926 M
6/30/2019,AYX,78.945 M,9.295 M,16.381 M,663.502 M,332.074 M,0,62.613 M
9/30/2019,AYX,96.920 M,9.645 M,17.755 M,1.239 B,852.574 M,0,63.966 M
12/31/2019,AYX,156.450 M,12.211 M,20.892 M,1.342 B,917.431 M,0,65.170 M
3/31/2020,AYX,99.528 M,13.047 M,26.181 M,1.323 B,896.937 M,0,65.569 M
6/30/2020,AYX,86.737 M,9.635 M,23.256 M,1.316 B,906.761 M,0,66.039 M
9/30/2020,AYX,120.114 M,10.414 M,25.232 M,1.356 B,920.583 M,0,66.265 M
12/31/2020,AYX,160.527 M,10.743 M,26.448 M,1.465 B,988.504 M,0,66.547 M
3/31/2021,AYX,109.161 M,10.841 M,31.322 M,1.416 B,964.261 M,0,66.932 M
6/30/2021,AYX,110.435 M,12.930 M,30.866 M,1.472 B,1.040 B,0,67.173 M
9/30/2021,AYX,113.528 M,15.466 M,33.457 M,1.474 B,1.064 B,0,67.325 M
12/31/2021,AYX,158.603 M,16.516 M,36.775 M,1.600 B,1.197 B,0,67.437 M
3/31/2022,AYX,160.651 M,24.241 M,50.150 M,1.477 B,1.246 B,0,67.826 M
6/30/2022,AYX,178.176 M,29.772 M,57.077 M,1.456 B,1.285 B,0,68.311 M
9/30/2022,AYX,213.258 M,31.994 M,54.803 M,1.424 B,1.268 B,0,68.673 M
12/31/2022,AYX,309.210 M,31.777 M,59.423 M,1.557 B,1.384 B,0,69.221 M
4/30/2018,SMAR,36.319 M,7.323 M,12.844 M,115.035 M,93.895 M,0,22.040 B
7/31/2018,SMAR,84.768 M,8.155 M,14.412 M,285.201 M,108.774 M,0,89.287 M
10/31/2018,SMAR,46.868 M,8.704 M,15.599 M,291.809 M,120.195 M,0,103.316 M
1/31/2019,SMAR,55.529 M,9.667 M,15.986 M,308.744 M,141.752 M,0,20.281 M
4/30/2019,SMAR,56.156 M,10.485 M,20.238 M,363.237 M,200.442 M,0,106.378 M
7/31/2019,SMAR,66.758 M,12.665 M,22.210 M,757.231 M,220.290 M,0,116.348 M
10/31/2019,SMAR,74.335 M,14.098 M,25.049 M,774.777 M,247.740 M,0,117.370 M
1/31/2020,SMAR,72.107 M,15.652 M,27.973 M,797.714 M,283.654 M,0,118.194 M
4/30/2020,SMAR,86.717 M,18.441 M,25.991 M,782.606 M,272.243 M,0,118.868 M
7/31/2020,SMAR,91.314 M,19.018 M,28.089 M,788.883 M,283.158 M,0,119.921 M
10/31/2020,SMAR,98.947 M,23.730 M,32.369 M,831.529 M,302.947 M,0,121.203 M
1/31/2021,SMAR,108.582 M,24.350 M,32.273 M,911.789 M,384.860 M,0,122.634 M
4/30/2021,SMAR,117.412 M,26.572 M,36.474 M,903.476 M,379.966 M,0,124.110 M
7/31/2021,SMAR,131.748 M,27.466 M,39.079 M,920.733 M,409.585 M,0,125.210 M
10/31/2021,SMAR,144.640 M,29.415 M,41.151 M,936.106 M,424.353 M,0,126.118 M
1/31/2022,SMAR,156.439 M,33.020 M,48.736 M,1.003 B,498.053 M,0,127.057 M
4/30/2022,SMAR,168.109 M,37.158 M,52.519 M,981.958 M,500.982 M,0,128.519 M
7/31/2022,SMAR,187.972 M,40.551 M,53.784 M,994.249 M,519.546 M,0,129.645 M
10/31/2022,SMAR,202.081 M,42.863 M,50.526 M,1.014 B,541.848 M,0,130.634 M
1/31/2023,SMAR,209.129 M,44.713 M,58.376 M,1.110 B,624.551 M,0,131.451 M
5/6/2018,AVGO,5.014 B,2.463 B,936 M,54.936 B,22.869 B,1.235 B,436.235 M
8/5/2018,AVGO,5.063 B,2.444 B,959 M,50.372 B,22.920 B,1.216 B,413.297 M
11/4/2018,AVGO,5.444 B,2.509 B,948 M,50.124 B,23.467 B,1.124 B,407.638 M
2/3/2019,AVGO,5.789 B,2.581 B,1.133 B,72.110 B,48.886 B,1.074 B,396.154 M
5/5/2019,AVGO,5.517 B,2.428 B,1.151 B,70.916 B,48.744 B,1.034 B,398.514 M
8/4/2019,AVGO,5.515 B,2.481 B,1.235 B,69.767 B,48.264 B,1.091 B,397.613 M
11/3/2019,AVGO,5.776 B,2.624 B,1.177 B,67.493 B,42.523 B,874 M,397.561 M
2/2/2020,AVGO,5.858 B,2.594 B,1.289 B,81.006 B,56.610 B,944 M,399.431 M
5/3/2020,AVGO,5.742 B,2.553 B,1.269 B,81.548 B,57.578 B,953 M,402.103 M
8/2/2020,AVGO,5.821 B,2.505 B,1.228 B,79.298 B,55.713 B,1.081 B,404 M
11/1/2020,AVGO,6.467 B,2.720 B,1.182 B,75.933 B,52.032 B,1.003 B,407 M
1/31/2021,AVGO,6.655 B,2.703 B,1.211 B,76.972 B,52.973 B,952 M,408 M
5/2/2021,AVGO,6.610 B,2.553 B,1.238 B,75.524 B,51.558 B,1.004 B,410 M
8/1/2021,AVGO,6.778 B,2.581 B,1.205 B,75.880 B,51.513 B,1.160 B,412 M
10/31/2021,AVGO,7.407 B,2.769 B,1.200 B,75.570 B,50.581 B,1.297 B,413 M
1/30/2022,AVGO,7.706 B,2.657 B,1.206 B,73.224 B,50.230 B,1.520 B,410 M
5/1/2022,AVGO,8.103 B,2.664 B,1.261 B,71.719 B,50.729 B,1.668 B,406 M
7/31/2022,AVGO,8.464 B,2.783 B,1.255 B,71.326 B,50.423 B,1.838 B,405 M
10/30/2022,AVGO,8.930 B,3.004 B,1.197 B,73.249 B,50.540 B,1.925 B,418 M
1/29/2023,AVGO,8.915 B,2.911 B,1.195 B,72.976 B,49.666 B,1.899 B,417 M
5/31/2018,ACN,10.695 B,7.363 B,0,23.251 B,13.453 B,0,639.217 M
8/31/2018,ACN,10.504 B,7.419 B,790.779 M,24.449 B,14.084 B,0,640.575 M
11/30/2018,ACN,10.606 B,7.308 B,0,26.706 B,14.028 B,0,638.877 M
2/28/2019,ACN,10.454 B,7.400 B,0,27.390 B,14.053 B,0,638.640 M
5/31/2019,ACN,11.100 B,7.571 B,0,28.156 B,14.419 B,0,637.831 M
8/31/2019,ACN,11.056 B,7.621 B,0,29.790 B,15.381 B,0,637.049 M
11/30/2019,ACN,11.359 B,7.711 B,0,33.171 B,18.004 B,0,635.722 M
2/29/2020,ACN,11.142 B,7.782 B,0,33.503 B,18.029 B,0,637.486 M
5/31/2020,ACN,10.991 B,7.463 B,0,35.057 B,19.043 B,0,636.146 M
8/31/2020,ACN,10.835 B,7.395 B,0,37.079 B,20.078 B,0,635.888 M
11/30/2020,ACN,11.762 B,7.864 B,0,38.268 B,20.362 B,0,634.271 M
2/28/2021,ACN,12.088 B,8.493 B,0,39.985 B,21.677 B,0,635.994 M
5/31/2021,ACN,13.264 B,8.859 B,0,42.125 B,22.782 B,0,635.204 M
8/31/2021,ACN,13.419 B,8.953 B,0,43.176 B,23.646 B,0,633.546 M
11/30/2021,ACN,14.965 B,10.048 B,0,43.675 B,23.322 B,0,632.281 M
2/28/2022,ACN,15.047 B,10.523 B,0,44.318 B,23.758 B,0,633.957 M
5/31/2022,ACN,16.159 B,10.844 B,0,46.095 B,24.706 B,0,632.749 M
8/31/2022,ACN,15.424 B,10.478 B,0,47.263 B,25.157 B,0,632.095 M
11/30/2022,ACN,15.748 B,10.562 B,0,47.116 B,24.141 B,0,630.137 M
2/28/2023,ACN,15.814 B,10.979 B,0,47.727 B,23.965 B,0,630.845 M
3/31/2018,TXN,3.789 B,1.342 B,385 M,17.507 B,6.865 B,2.032 B,983 M
6/30/2018,TXN,4.017 B,1.398 B,384 M,18.527 B,7.893 B,2.090 B,977 M
9/30/2018,TXN,4.261 B,1.457 B,390 M,18.573 B,8.057 B,2.116 B,969 M
12/31/2018,TXN,3.717 B,1.310 B,400 M,17.137 B,8.143 B,2.217 B,952 M
3/31/2019,TXN,3.594 B,1.333 B,389 M,17.443 B,8.924 B,2.131 B,939 M
6/30/2019,TXN,3.668 B,1.308 B,390 M,17.384 B,8.898 B,2.079 B,937 M
9/30/2019,TXN,3.771 B,1.325 B,379 M,17.992 B,9.007 B,2.040 B,935 M
12/31/2019,TXN,3.350 B,1.253 B,386 M,18.018 B,9.111 B,2.001 B,933 M
3/31/2020,TXN,3.329 B,1.241 B,377 M,17.283 B,9.549 B,2.003 B,931 M
6/30/2020,TXN,3.239 B,1.157 B,379 M,17.445 B,9.801 B,2.136 B,916 M
9/30/2020,TXN,3.817 B,1.364 B,386 M,18.207 B,9.882 B,2.072 B,917 M
12/31/2020,TXN,4.076 B,1.430 B,388 M,19.351 B,10.164 B,1.955 B,921 M
3/31/2021,TXN,4.289 B,1.492 B,386 M,19.639 B,9.473 B,1.890 B,922 M
6/30/2021,TXN,4.580 B,1.503 B,391 M,20.603 B,9.450 B,1.856 B,923 M
9/30/2021,TXN,4.643 B,1.491 B,388 M,23.273 B,11.122 B,1.863 B,923 M
12/31/2021,TXN,4.832 B,1.482 B,389 M,24.676 B,11.343 B,1.910 B,923 M
3/31/2022,TXN,4.905 B,1.463 B,391 M,25.276 B,11.259 B,2.060 B,923 M
6/30/2022,TXN,5.212 B,1.587 B,414 M,24.723 B,10.631 B,2.199 B,920 M
9/30/2022,TXN,5.241 B,1.624 B,431 M,26.057 B,11.550 B,2.404 B,913 M
12/31/2022,TXN,4.670 B,1.583 B,434 M,27.207 B,12.630 B,2.757 B,907 M
5/31/2018,ORCL,39.383 B,754 M,1.543 B,137.851 B,91.479 B,398 M,3.997 B
8/31/2018,ORCL,8.630 B,1.953 B,1.564 B,128.358 B,90.291 B,0,3.811 B
11/30/2018,ORCL,9.021 B,2.001 B,1.475 B,118.318 B,87.746 B,0,3.632 B
2/28/2019,ORCL,9.092 B,1.976 B,1.426 B,109.438 B,85.724 B,0,3.443 B
5/31/2019,ORCL,39.506 B,2.063 B,1.562 B,108.709 B,86.924 B,320 M,3.359 B
8/31/2019,ORCL,8.673 B,1.957 B,1.557 B,106.229 B,87.796 B,0,3.296 B
11/30/2019,ORCL,9.127 B,2.048 B,1.531 B,98.443 B,82.880 B,0,3.214 B
2/29/2020,ORCL,9.297 B,1.964 B,1.500 B,96.704 B,82.469 B,0,3.161 B
5/31/2020,ORCL,39.068 B,1.969 B,1.479 B,115.438 B,103.364 B,211 M,3.067 B
8/31/2020,ORCL,8.703 B,1.880 B,1.589 B,113.546 B,104.055 B,0,3.014 B
11/30/2020,ORCL,9.184 B,1.939 B,1.601 B,110.014 B,102.097 B,0,2.952 B
2/28/2021,ORCL,9.482 B,1.915 B,1.621 B,118.109 B,109.209 B,0,2.895 B
5/31/2021,ORCL,40.479 B,2.122 B,1.715 B,131.107 B,125.869 B,142 M,2.814 B
8/31/2021,ORCL,8.988 B,2.103 B,1.684 B,122.924 B,124.465 B,0,2.743 B
11/30/2021,ORCL,9.635 B,2.159 B,1.754 B,106.897 B,116.998 B,0,2.671 B
2/28/2022,ORCL,9.817 B,2.218 B,1.816 B,108.644 B,117.340 B,0,2.668 B
5/31/2022,ORCL,42.440 B,2.397 B,1.965 B,109.297 B,115.517 B,314 M,2.665 B
8/31/2022,ORCL,10.587 B,3.037 B,2.093 B,130.309 B,136.184 B,0,2.696 B
11/30/2022,ORCL,11.364 B,3.358 B,2.158 B,128.469 B,132.715 B,0,2.695 B
2/28/2023,ORCL,11.435 B,3.439 B,2.146 B,131.620 B,134.041 B,0,2.700 B
3/31/2018,MSFT,26.819 B,9.269 B,3.715 B,245.497 B,166.258 B,2.084 B,7.690 B
6/30/2018,MSFT,30.085 B,9.742 B,3.933 B,258.848 B,176.130 B,2.662 B,7.677 B
9/30/2018,MSFT,28.615 B,9.905 B,3.977 B,257.619 B,171.652 B,3.614 B,7.680 B
12/31/2018,MSFT,31.796 B,12.423 B,4.070 B,258.859 B,166.731 B,1.961 B,7.683 B
3/31/2019,MSFT,29.993 B,10.170 B,4.316 B,263.281 B,168.417 B,1.951 B,7.666 B
6/30/2019,MSFT,33.717 B,10.412 B,4.513 B,286.556 B,184.226 B,2.063 B,7.643 B
9/30/2019,MSFT,32.428 B,10.406 B,4.565 B,278.955 B,172.894 B,2.622 B,7.634 B
12/31/2019,MSFT,36.322 B,12.358 B,4.603 B,282.794 B,172.685 B,1.823 B,7.611 B
3/31/2020,MSFT,34.315 B,10.975 B,4.887 B,285.449 B,170.948 B,1.644 B,7.590 B
6/30/2020,MSFT,38.033 B,12.339 B,5.214 B,301.311 B,183.007 B,1.895 B,7.571 B
9/30/2020,MSFT,36.724 B,11.002 B,4.926 B,301.001 B,177.609 B,2.705 B,7.564 B
12/31/2020,MSFT,42.558 B,14.194 B,4.899 B,304.137 B,173.901 B,1.924 B,7.546 B
3/31/2021,MSFT,41.059 B,13.045 B,5.204 B,308.879 B,174.374 B,2.245 B,7.534 B
6/30/2021,MSFT,45.595 B,13.991 B,5.687 B,333.779 B,191.791 B,2.636 B,7.519 B
9/30/2021,MSFT,44.743 B,13.646 B,5.599 B,335.418 B,183.440 B,3.411 B,7.510 B
12/31/2021,MSFT,51.228 B,16.960 B,5.758 B,340.389 B,180.379 B,3.019 B,7.500 B
3/31/2022,MSFT,48.732 B,15.615 B,6.306 B,344.607 B,181.683 B,3.296 B,7.483 B
6/30/2022,MSFT,51.406 B,16.429 B,6.849 B,364.840 B,198.298 B,3.742 B,7.464 B
9/30/2022,MSFT,49.636 B,15.452 B,6.628 B,359.784 B,186.218 B,4.268 B,7.457 B
12/31/2022,MSFT,52.032 B,17.488 B,6.844 B,364.552 B,181.416 B,2.980 B,7.447 B
5/4/2018,DELL,21.356 B,15.478 B,1.087 B,123.217 B,105.393 B,2.933 B,768 M
8/3/2018,DELL,22.942 B,16.819 B,1.175 B,123.381 B,106.114 B,3.642 B,768 M
11/2/2018,DELL,22.482 B,16.539 B,1.140 B,121.241 B,104.721 B,3.793 B,769 M
2/1/2019,DELL,23.841 B,16.732 B,1.202 B,111.820 B,111.566 B,3.649 B,719 M
5/3/2019,DELL,21.908 B,81 M,1.176 B,109.892 B,109.779 B,3.360 B,719 M
8/2/2019,DELL,23.370 B,179 M,1.229 B,115.520 B,111.401 B,3.135 B,724 M
11/1/2019,DELL,22.844 B,215 M,1.262 B,116.814 B,112.003 B,3.257 B,729 M
1/31/2020,DELL,24.032 B,107 M,-1.213 B,118.861 B,115.077 B,3.281 B,743 M
5/1/2020,DELL,20.078 B,159 M,1.265 B,120.236 B,116.555 B,3.616 B,740 M
7/31/2020,DELL,20.853 B,174 M,1.259 B,121.276 B,116.108 B,3.602 B,745 M
10/30/2020,DELL,21.589 B,102 M,1.360 B,118.948 B,112.482 B,3.393 B,749 M
1/29/2021,DELL,24.150 B,143 M,-1.429 B,123.415 B,115.390 B,3.403 B,753 M
4/30/2021,DELL,22.590 B,163 M,619 M,121.752 B,112.608 B,3.828 B,764 M
7/30/2021,DELL,24.191 B,142 M,697 M,122.678 B,112.735 B,4.223 B,765 M
10/29/2021,DELL,26.424 B,162 M,650 M,135.677 B,121.483 B,5.442 B,767 M
1/28/2022,DELL,27.992 B,116 M,611 M,92.735 B,94.315 B,5.898 B,757 M
4/29/2022,DELL,26.116 B,204 M,681 M,88.406 B,90.761 B,6.277 B,747 M
7/29/2022,DELL,26.425 B,164 M,626 M,88.775 B,91.530 B,5.883 B,734 M
10/28/2022,DELL,24.721 B,164 M,677 M,85.172 B,88.540 B,6.172 B,718 M
2/3/2023,DELL,25.039 B,195 M,795 M,89.611 B,92.636 B,4.776 B,716 M
3/31/2018,AMZN,50.712 B,30.735 B,6.759 B,126.362 B,94.899 B,13.840 B,485 M
6/30/2018,AMZN,52.543 B,30.632 B,7.247 B,134.100 B,99.105 B,14.824 B,487 M
9/30/2018,AMZN,56.218 B,33.003 B,7.162 B,143.695 B,104.570 B,15.862 B,489 M
12/31/2018,AMZN,72.383 B,44.786 B,7.669 B,162.648 B,119.099 B,17.174 B,491 M
3/31/2019,AMZN,59.339 B,33.920 B,7.927 B,178.102 B,129.692 B,16.432 B,492 M
6/30/2019,AMZN,63.021 B,36.337 B,9.065 B,191.351 B,138.290 B,18.580 B,494 M
9/30/2019,AMZN,69.585 B,41.302 B,9.200 B,199.099 B,142.591 B,18.766 B,495 M
12/31/2019,AMZN,87.437 B,53.977 B,9.740 B,225.248 B,163.188 B,20.497 B,498 M
3/31/2020,AMZN,75.050 B,44.257 B,9.325 B,221.238 B,155.966 B,18.857 B,499 M
6/30/2020,AMZN,88.509 B,52.660 B,10.388 B,258.314 B,184.586 B,19.599 B,501 M
9/30/2020,AMZN,95.717 B,57.106 B,10.976 B,282.179 B,199.404 B,23.735 B,502 M
12/31/2020,AMZN,125.555 B,79.284 B,12.049 B,321.195 B,227.791 B,23.795 B,503 M
3/31/2021,AMZN,108.088 B,62.403 B,12.488 B,323.077 B,219.757 B,23.849 B,504 M
6/30/2021,AMZN,112.755 B,64.176 B,13.871 B,360.319 B,245.516 B,24.119 B,506 M
9/30/2021,AMZN,110.212 B,62.930 B,14.380 B,382.406 B,261.842 B,30.933 B,507 M
12/31/2021,AMZN,136.903 B,82.835 B,15.313 B,420.549 B,282.304 B,32.640 B,509 M
3/31/2022,AMZN,115.986 B,66.499 B,14.842 B,410.767 B,276.766 B,34.987 B,509 M
6/30/2022,AMZN,120.533 B,66.424 B,18.072 B,419.728 B,288.326 B,38.153 B,10.183 B
9/30/2022,AMZN,126.381 B,70.268 B,19.485 B,428.362 B,290.873 B,36.647 B,10.198 B
12/31/2022,AMZN,148.376 B,85.640 B,20.814 B,462.675 B,316.632 B,34.405 B,10.242 B
3/31/2018,GOOG,31.146 B,13.467 B,5.039 B,206.935 B,46.110 B,636 M,694.945 M
6/30/2018,GOOG,32.657 B,13.883 B,5.114 B,211.610 B,49.610 B,698 M,695.946 M
9/30/2018,GOOG,33.740 B,14.281 B,5.232 B,221.538 B,51.698 B,1.212 B,695.957 M
12/31/2018,GOOG,39.276 B,17.918 B,6.034 B,232.792 B,55.164 B,1.107 B,695.556 M
3/31/2019,GOOG,36.339 B,16.012 B,6.029 B,245.349 B,61.877 B,1.053 B,694.782 M
6/30/2019,GOOG,39.045 B,17.296 B,6.213 B,257.101 B,64.909 B,964 M,694.050 M
9/30/2019,GOOG,40.503 B,17.568 B,6.554 B,263.044 B,68.075 B,1.401 B,690.906 M
12/31/2019,GOOG,45.569 B,21.020 B,7.222 B,275.909 B,74.467 B,999 M,688.335 M
3/31/2020,GOOG,41.159 B,18.982 B,6.820 B,273.403 B,69.744 B,889 M,683.972 M
6/30/2020,GOOG,38.297 B,18.553 B,6.875 B,278.492 B,71.170 B,815 M,681.215 M
9/30/2020,GOOG,46.130 B,21.117 B,6.856 B,299.243 B,86.323 B,835 M,677.724 M
12/31/2020,GOOG,56.118 B,26.080 B,7.022 B,319.616 B,97.072 B,728 M,675.222 M
3/31/2021,GOOG,55.314 B,24.103 B,7.485 B,327.095 B,97.082 B,888 M,671.094 M
6/30/2021,GOOG,61.880 B,26.227 B,7.675 B,335.387 B,97.822 B,907 M,667.637 M
9/30/2021,GOOG,64.928 B,27.621 B,7.694 B,347.403 B,102.836 B,1.278 B,664.682 M
12/31/2021,GOOG,75.140 B,32.988 B,8.708 B,359.268 B,107.633 B,1.170 B,662.121 M
3/31/2022,GOOG,68.059 B,29.599 B,9.119 B,357.096 B,103.092 B,1.369 B,658.763 M
6/30/2022,GOOG,69.743 B,30.104 B,9.841 B,355.185 B,99.766 B,1.980 B,13.078 B
9/30/2022,GOOG,69.420 B,31.158 B,10.273 B,358.255 B,104.629 B,3.156 B,12.971 B
12/31/2022,GOOG,74.291 B,35.342 B,10.267 B,365.264 B,109.120 B,2.670 B,12.849 B
3/31/2018,AAPL,61.137 B,37.715 B,3.378 B,367.502 B,240.624 B,7.662 B,4.943 B
6/30/2018,AAPL,53.265 B,32.844 B,3.701 B,349.197 B,234.248 B,5.936 B,4.843 B
9/30/2018,AAPL,62.900 B,38.816 B,3.750 B,365.725 B,258.578 B,3.956 B,4.755 B
12/31/2018,AAPL,83.420 B,52.279 B,3.902 B,373.719 B,255.827 B,4.988 B,4.730 B
3/31/2019,AAPL,57.005 B,36.194 B,3.948 B,341.998 B,236.138 B,4.884 B,4.607 B
6/30/2019,AAPL,52.943 B,33.582 B,4.257 B,322.239 B,225.783 B,3.355 B,4.531 B
9/30/2019,AAPL,64.040 B,39.727 B,4.110 B,338.516 B,248.028 B,4.106 B,4.443 B
12/31/2019,AAPL,91.034 B,56.602 B,4.451 B,340.618 B,251.087 B,4.097 B,4.385 B
3/31/2020,AAPL,57.556 B,35.943 B,4.565 B,320.400 B,241.975 B,3.334 B,4.324 B
6/30/2020,AAPL,58.988 B,37.005 B,4.758 B,317.344 B,245.062 B,3.978 B,4.284 B
9/30/2020,AAPL,64.698 B,40.009 B,4.978 B,323.888 B,258.549 B,4.061 B,16.977 B
12/31/2020,AAPL,110.801 B,67.111 B,5.163 B,354.054 B,287.830 B,4.973 B,16.823 B
3/31/2021,AAPL,88.914 B,51.505 B,5.262 B,337.158 B,267.980 B,5.219 B,16.686 B
6/30/2021,AAPL,80.769 B,46.179 B,5.717 B,329.840 B,265.560 B,5.178 B,16.557 B
9/30/2021,AAPL,82.688 B,48.186 B,5.772 B,351.002 B,287.912 B,6.580 B,16.427 B
12/31/2021,AAPL,123.251 B,69.702 B,6.306 B,381.191 B,309.259 B,5.876 B,16.341 B
3/31/2022,AAPL,96.587 B,54.719 B,6.387 B,350.662 B,283.263 B,5.460 B,16.208 B
6/30/2022,AAPL,82.240 B,47.074 B,6.797 B,336.309 B,278.202 B,5.433 B,16.095 B
9/30/2022,AAPL,89.319 B,52.051 B,6.761 B,352.755 B,302.083 B,4.946 B,15.943 B
12/31/2022,AAPL,116.151 B,66.822 B,7.709 B,346.747 B,290.020 B,6.820 B,15.842 B
3/31/2018,VZ,31.772 B,13.255 B,0,264.516 B,220.711 B,1.285 B,4.104 B
6/30/2018,VZ,32.203 B,13.631 B,0,263.303 B,223.283 B,1.102 B,4.135 B
9/30/2018,VZ,32.607 B,13.331 B,0,265.562 B,222.991 B,1.270 B,4.136 B
12/31/2018,VZ,34.281 B,15.291 B,0,264.829 B,262.123 B,1.336 B,4.137 B
3/31/2019,VZ,32.128 B,12.990 B,0,283.947 B,275.436 B,1.417 B,4.138 B
6/30/2019,VZ,32.071 B,12.721 B,0,283.108 B,273.751 B,1.167 B,4.138 B
9/30/2019,VZ,32.894 B,13.384 B,0,284.875 B,254.945 B,1.538 B,4.138 B
12/31/2019,VZ,34.775 B,15.631 B,0,291.727 B,263.005 B,1.422 B,4.138 B
3/31/2020,VZ,31.610 B,12.296 B,0,294.500 B,242.450 B,1.633 B,4.139 B
6/30/2020,VZ,30.447 B,11.749 B,0,293.259 B,239.257 B,1.289 B,4.139 B
9/30/2020,VZ,31.543 B,12.334 B,0,296.994 B,243.918 B,1.457 B,4.140 B
12/31/2020,VZ,34.692 B,14.822 B,0,316.481 B,281.868 B,1.796 B,4.143 B
3/31/2021,VZ,32.867 B,13.522 B,0,345.573 B,286.114 B,1.303 B,4.141 B
6/30/2021,VZ,33.764 B,14.255 B,0,349.190 B,313.655 B,1.421 B,4.141 B
9/30/2021,VZ,32.915 B,13.528 B,0,353.457 B,312.586 B,2.303 B,4.142 B
12/31/2021,VZ,34.067 B,14.996 B,0,366.596 B,325.165 B,3.055 B,4.169 B
3/31/2022,VZ,33.554 B,14.350 B,0,365.716 B,295.980 B,3.659 B,4.201 B
6/30/2022,VZ,33.789 B,14.420 B,0,370.147 B,298.610 B,3.646 B,4.201 B
9/30/2022,VZ,34.241 B,14.601 B,0,375.090 B,302.618 B,3.133 B,4.202 B
12/31/2022,VZ,35.251 B,15.762 B,0,379.680 B,328.471 B,2.388 B,4.205 B
3/31/2018,T,38.038 B,7.932 B,0,446.343 B,299.267 B,0,6.161 B
6/30/2018,T,38.986 B,7.632 B,0,534.691 B,350.561 B,2.313 B,6.351 B
9/30/2018,T,45.739 B,8.651 B,0,534.870 B,356.819 B,2.310 B,7.284 B
12/31/2018,T,47.993 B,23.309 B,0,531.864 B,416.994 B,2.771 B,7.303 B
3/31/2019,T,44.827 B,20.739 B,0,548.384 B,348.035 B,0,7.313 B
6/30/2019,T,44.957 B,20.512 B,0,546.914 B,344.652 B,0,7.323 B
9/30/2019,T,44.588 B,20.154 B,0,548.796 B,306.233 B,0,7.327 B
12/31/2019,T,46.821 B,22.736 B,0,551.669 B,368.233 B,2.864 B,7.313 B
3/31/2020,T,42.779 B,19.281 B,0,545.354 B,359.308 B,0,7.187 B
6/30/2020,T,40.950 B,17.983 B,0,547.898 B,363.642 B,0,7.145 B
9/30/2020,T,42.340 B,19.839 B,0,538.553 B,352.842 B,13.948 B,7.147 B
12/31/2020,T,16.981 B,22.910 B,0,525.761 B,370.100 B,3.592 B,7.148 B
3/31/2021,T,35.877 B,21.087 B,0,546.985 B,372.499 B,3.347 B,7.161 B
6/30/2021,T,35.740 B,21.099 B,0,544.710 B,395.084 B,2.810 B,7.168 B
9/30/2021,T,31.326 B,17.826 B,0,547.107 B,395.980 B,3.088 B,7.171 B
12/31/2021,T,31.095 B,19.795 B,0,551.622 B,412.340 B,3.464 B,7.171 B
3/31/2022,T,29.712 B,17.557 B,0,577.195 B,420.433 B,3.153 B,7.184 B
6/30/2022,T,29.643 B,12.341 B,0,426.433 B,316.944 B,3.241 B,7.169 B
9/30/2022,T,30.043 B,12.201 B,0,426.463 B,312.399 B,3.935 B,7.153 B
12/31/2022,T,31.343 B,13.571 B,0,402.853 B,337.878 B,3.123 B,7.157 B
4/30/2018,HPQ,14.003 B,11.935 B,356 M,32.087 B,33.950 B,5.557 B,1.611 B
7/31/2018,HPQ,14.586 B,11.301 B,347 M,34.254 B,36.021 B,6.091 B,1.582 B
10/31/2018,HPQ,15.366 B,11.898 B,354 M,34.622 B,35.261 B,6.091 B,1.560 B
1/31/2019,HPQ,14.710 B,12.669 B,344 M,32.490 B,34.327 B,5.649 B,1.539 B
4/30/2019,HPQ,14.036 B,12.098 B,353 M,31.946 B,33.433 B,5.394 B,1.506 B
7/31/2019,HPQ,14.603 B,11.307 B,413 M,32.405 B,33.536 B,5.716 B,1.482 B
10/31/2019,HPQ,15.407 B,11.698 B,389 M,33.467 B,34.660 B,5.734 B,1.458 B
1/31/2020,HPQ,14.618 B,12.483 B,400 M,31.656 B,33.290 B,4.946 B,1.433 B
4/30/2020,HPQ,12.469 B,11.746 B,338 M,33.773 B,34.516 B,6.354 B,1.430 B
7/31/2020,HPQ,14.294 B,9.976 B,359 M,34.244 B,36.230 B,5.896 B,1.373 B
10/31/2020,HPQ,15.258 B,11.901 B,381 M,34.681 B,36.909 B,5.963 B,1.304 B
1/31/2021,HPQ,15.646 B,12.579 B,471 M,34.737 B,37.972 B,6.668 B,1.253 B
4/30/2021,HPQ,15.877 B,12.322 B,514 M,34.549 B,37.909 B,7.502 B,1.201 B
7/31/2021,HPQ,15.289 B,12.437 B,477 M,35.523 B,39.465 B,8.165 B,1.153 B
10/31/2021,HPQ,16.675 B,11.901 B,445 M,38.610 B,40.260 B,7.930 B,1.092 B
1/31/2022,HPQ,17.028 B,13.410 B,418 M,38.912 B,41.240 B,9.018 B,1.060 B
4/30/2022,HPQ,16.490 B,13.643 B,425 M,39.901 B,41.799 B,8.944 B,1.033 B
7/31/2022,HPQ,14.664 B,13.157 B,368 M,39.247 B,41.565 B,8.192 B,1.006 B
10/31/2022,HPQ,14.801 B,11.764 B,382 M,38.587 B,41.505 B,7.595 B,980 M
1/31/2023,HPQ,13.828 B,12.084 B,403 M,36.148 B,39.878 B,7.344 B,985 M
3/31/2018,CHTR,10.657 B,6.836 B,0,146.151 B,107.383 B,0,237.762 M
6/30/2018,CHTR,10.854 B,6.873 B,0,146.251 B,108.808 B,0,234.242 M
9/30/2018,CHTR,10.892 B,7.012 B,0,146.085 B,108.980 B,0,230.555 M
12/31/2018,CHTR,11.231 B,7.139 B,0,146.130 B,109.845 B,0,227.006 M
3/31/2019,CHTR,11.206 B,7.236 B,0,147.257 B,111.523 B,0,224.630 M
6/30/2019,CHTR,11.347 B,7.244 B,0,146.085 B,110.799 B,0,222.392 M
9/30/2019,CHTR,11.450 B,7.435 B,0,145.267 B,112.293 B,0,218.499 M
12/31/2019,CHTR,11.761 B,7.309 B,0,148.188 B,116.743 B,0,212.648 M
3/31/2020,CHTR,11.738 B,7.432 B,0,146.552 B,116.924 B,0,207.831 M
6/30/2020,CHTR,11.696 B,7.297 B,0,145.136 B,115.780 B,0,205.777 M
9/30/2020,CHTR,12.039 B,7.483 B,0,144.193 B,117.287 B,0,202.827 M
12/31/2020,CHTR,12.624 B,7.718 B,0,144.206 B,120.401 B,0,196.907 M
3/31/2021,CHTR,12.522 B,7.711 B,0,143.439 B,122.442 B,0,191.405 M
6/30/2021,CHTR,12.802 B,7.882 B,0,144.026 B,124.684 B,0,185.917 M
9/30/2021,CHTR,13.146 B,7.958 B,0,142.495 B,125.465 B,0,181.925 M
12/31/2021,CHTR,13.212 B,7.931 B,0,142.491 B,128.441 B,0,175.535 M
3/31/2022,CHTR,13.200 B,7.308 B,0,143.948 B,131.888 B,0,170.688 M
6/30/2022,CHTR,13.598 B,7.387 B,0,143.258 B,133.379 B,0,164.050 M
9/30/2022,CHTR,13.550 B,7.386 B,0,143.669 B,134.780 B,0,157.971 M
12/31/2022,CHTR,13.674 B,7.456 B,0,144.523 B,135.404 B,0,153.436 M
3/31/2018,QCOM,5.220 B,2.239 B,1.402 B,64.126 B,40.307 B,1.797 B,1.482 B
6/30/2018,QCOM,5.577 B,2.491 B,1.416 B,62.090 B,39.022 B,1.785 B,1.469 B
9/30/2018,QCOM,5.778 B,2.850 B,1.388 B,32.718 B,31.911 B,1.693 B,1.219 B
12/31/2018,QCOM,4.842 B,2.188 B,1.269 B,34.246 B,30.629 B,1.698 B,1.210 B
3/31/2019,QCOM,4.982 B,2.179 B,1.308 B,34.023 B,30.157 B,1.725 B,1.214 B
6/30/2019,QCOM,9.635 B,2.114 B,1.380 B,34.133 B,28.670 B,1.774 B,1.218 B
9/30/2019,QCOM,4.814 B,2.118 B,1.441 B,32.957 B,28.048 B,1.400 B,1.145 B
12/31/2019,QCOM,5.077 B,2.113 B,1.406 B,33.111 B,28.598 B,1.420 B,1.143 B
3/31/2020,QCOM,5.216 B,2.297 B,1.468 B,31.938 B,28.893 B,1.700 B,1.127 B
6/30/2020,QCOM,4.893 B,2.080 B,1.520 B,32.328 B,29.022 B,2.343 B,1.128 B
9/30/2020,QCOM,8.346 B,2.766 B,1.582 B,35.594 B,29.517 B,2.598 B,1.131 B
12/31/2020,QCOM,8.235 B,3.489 B,1.653 B,37.479 B,30.099 B,2.552 B,1.136 B
3/31/2021,QCOM,7.935 B,3.432 B,1.780 B,37.168 B,29.744 B,2.668 B,1.129 B
6/30/2021,QCOM,8.060 B,3.404 B,1.864 B,38.769 B,30.592 B,3.133 B,1.128 B
9/30/2021,QCOM,9.336 B,3.937 B,1.879 B,41.240 B,31.290 B,3.228 B,1.125 B
12/31/2021,QCOM,10.705 B,4.303 B,1.930 B,42.820 B,31.487 B,3.861 B,1.125 B
3/31/2022,QCOM,11.164 B,4.648 B,2.034 B,44.302 B,30.974 B,4.555 B,1.122 B
6/30/2022,QCOM,10.936 B,4.816 B,2.052 B,47.020 B,30.972 B,5.418 B,1.122 B
9/30/2022,QCOM,11.395 B,4.868 B,2.178 B,49.014 B,31.001 B,6.341 B,1.121 B
12/31/2022,QCOM,9.463 B,4.044 B,2.251 B,50.014 B,31.204 B,6.932 B,1.119 B
5/5/2018,BBY,9.109 B,6.984 B,0,12.082 B,8.662 B,4.964 B,281 M
8/4/2018,BBY,9.379 B,7.150 B,0,11.993 B,8.807 B,5.016 B,276 M
11/3/2018,BBY,9.590 B,7.266 B,0,15 B,11.988 B,8.168 B,272 M
2/2/2019,BBY,14.801 B,11.518 B,0,12.901 B,9.595 B,5.409 B,265.703 M
5/4/2019,BBY,9.142 B,6.973 B,0,14.550 B,11.196 B,5.195 B,267 M
8/3/2019,BBY,9.536 B,7.253 B,0,14.978 B,11.693 B,5.208 B,265 M
11/2/2019,BBY,9.764 B,7.403 B,0,16.926 B,13.801 B,7.569 B,260 M
2/1/2020,BBY,15.196 B,11.961 B,0,15.591 B,12.112 B,5.174 B,256.494 M
5/2/2020,BBY,8.562 B,6.597 B,0,15.605 B,12.195 B,3.993 B,257 M
8/1/2020,BBY,9.910 B,7.640 B,0,17.412 B,13.634 B,4.136 B,258 M
10/31/2020,BBY,11.853 B,9.058 B,0,21.202 B,17.116 B,7.459 B,258 M
1/30/2021,BBY,16.937 B,13.394 B,0,19.067 B,14.480 B,5.612 B,257 M
5/1/2021,BBY,11.637 B,8.922 B,0,17.705 B,13.547 B,5.721 B,250.400 M
7/31/2021,BBY,11.849 B,9.039 B,0,18.579 B,14.244 B,6.417 B,247.300 M
10/30/2021,BBY,11.910 B,9.108 B,0,20.102 B,15.824 B,8.553 B,243.800 M
1/29/2022,BBY,16.365 B,13.052 B,0,17.504 B,14.484 B,5.965 B,227.400 M
4/30/2022,BBY,10.647 B,8.294 B,0,15.251 B,12.484 B,6.258 B,224.600 M
7/30/2022,BBY,10.329 B,8.042 B,0,15.419 B,12.527 B,6.043 B,225.100 M
10/29/2022,BBY,10.587 B,8.255 B,0,17.021 B,14.028 B,7.294 B,225.200 M
1/28/2023,BBY,14.735 B,11.795 B,0,15.803 B,13.008 B,5.140 B,218.100 M
3/31/2018,FISV,1.440 B,759 M,0,10.167 B,7.196 B,0,413.100 M
6/30/2018,FISV,1.420 B,739 M,0,10.218 B,7.368 B,0,408.400 M
9/30/2018,FISV,1.412 B,749 M,0,10.748 B,8.087 B,0,403.800 M
12/31/2018,FISV,1.551 B,822 M,0,11.262 B,8.969 B,0,396.800 M
3/31/2019,FISV,1.502 B,798 M,0,11.676 B,9.282 B,0,391.700 M
6/30/2019,FISV,1.448 B,785 M,0,19.640 B,17.094 B,0,392.500 M
9/30/2019,FISV,2.978 B,1.617 B,0,77.864 B,44.012 B,0,584.800 M
12/31/2019,FISV,4.050 B,2.109 B,0,77.539 B,42.682 B,0,680.300 M
3/31/2020,FISV,4.037 B,2.167 B,0,72.598 B,39.052 B,0,678.100 M
6/30/2020,FISV,3.312 B,1.920 B,0,77.093 B,43.807 B,0,670 M
9/30/2020,FISV,3.669 B,1.868 B,0,72.372 B,39.683 B,0,669.800 M
12/31/2020,FISV,3.834 B,1.857 B,0,74.619 B,41.290 B,348 M,670.600 M
3/31/2021,FISV,3.650 B,1.907 B,0,74.840 B,41.995 B,0,668.600 M
6/30/2021,FISV,3.876 B,1.967 B,0,75.776 B,42.983 B,0,663.700 M
9/30/2021,FISV,3.991 B,2.051 B,0,75.767 B,43.183 B,0,661.400 M
12/31/2021,FISV,4.780 B,2.203 B,0,76.249 B,44.299 B,410 M,656.600 M
3/31/2022,FISV,3.970 B,1.972 B,0,75.470 B,43.328 B,0,650.800 M
6/30/2022,FISV,4.274 B,2.044 B,0,77.212 B,45.242 B,0,645.200 M
9/30/2022,FISV,4.328 B,1.996 B,0,75.640 B,44.497 B,0,639.600 M
12/31/2022,FISV,5.165 B,1.980 B,0,83.869 B,52.181 B,0,633.600 M
3/31/2018,CTSH,3.912 B,2.401 B,0,15.045 B,4.057 B,0,586 M
6/30/2018,CTSH,4.006 B,2.417 B,0,14.806 B,4.158 B,0,580 M
9/30/2018,CTSH,4.078 B,2.480 B,0,15.274 B,4.296 B,0,580 M
12/31/2018,CTSH,4.129 B,2.540 B,0,15.846 B,4.422 B,0,577 M
3/31/2019,CTSH,4.110 B,2.575 B,0,16.096 B,4.960 B,0,569 M
6/30/2019,CTSH,4.141 B,2.629 B,0,15.517 B,4.960 B,0,552 M
9/30/2019,CTSH,4.248 B,2.681 B,0,15.844 B,5.142 B,0,550 M
12/31/2019,CTSH,4.284 B,2.749 B,0,16.204 B,5.182 B,0,548 M
3/31/2020,CTSH,4.225 B,2.747 B,0,17.429 B,6.816 B,0,541 M
6/30/2020,CTSH,4 B,2.615 B,0,18.216 B,7.244 B,0,542 M
9/30/2020,CTSH,4.243 B,2.647 B,0,18.787 B,7.647 B,0,539 M
12/31/2020,CTSH,4.184 B,2.662 B,0,16.923 B,6.087 B,0,530 M
3/31/2021,CTSH,4.401 B,2.764 B,0,16.660 B,5.623 B,0,528 M
6/30/2021,CTSH,4.585 B,2.863 B,0,16.829 B,5.624 B,0,525 M
9/30/2021,CTSH,4.744 B,2.947 B,0,17.232 B,5.686 B,0,525 M
12/31/2021,CTSH,4.777 B,3.030 B,0,17.852 B,5.861 B,0,525 M
3/31/2022,CTSH,4.826 B,3.097 B,0,17.434 B,5.461 B,0,521 M
6/30/2022,CTSH,4.906 B,3.119 B,0,17.258 B,5.308 B,0,518 M
9/30/2022,CTSH,4.857 B,3.080 B,0,17.347 B,5.389 B,0,514 M
12/31/2022,CTSH,4.839 B,3.152 B,0,17.852 B,5.543 B,0,509 M
3/31/2018,DISH,6.880 B,196.011 M,6 M,,,,
6/30/2018,DISH,3.459 B,183.262 M,6 M,29.650 B,21.423 B,329.507 M,467.425 M
9/30/2018,DISH,3.397 B,186.878 M,6 M,30.137 B,21.454 B,304.944 M,467.570 M
12/31/2018,DISH,3.307 B,203.156 M,6 M,30.587 B,21.533 B,290.733 M,467.752 M
3/31/2019,DISH,3.181 B,193.899 M,5 M,31.686 B,22.254 B,309.251 M,467.953 M
6/30/2019,DISH,3.205 B,238.078 M,6 M,32.284 B,22.449 B,331.138 M,469.655 M
9/30/2019,DISH,3.160 B,285.801 M,4 M,31.771 B,21.074 B,314.620 M,477.495 M
12/31/2019,DISH,3.241 B,276.748 M,6 M,33.231 B,21.115 B,322.898 M,503.420 M
3/31/2020,DISH,3.196 B,253.873 M,6 M,33.673 B,21.436 B,329.386 M,523.152 M
6/30/2020,DISH,3.170 B,199.724 M,5 M,33.497 B,20.732 B,315.369 M,524.292 M
9/30/2020,DISH,4.527 B,2.489 B,6 M,36.100 B,22.775 B,516.216 M,525.532 M
12/31/2020,DISH,4.557 B,2.589 B,7 M,38.240 B,24.109 B,380.349 M,526.057 M
3/31/2021,DISH,4.494 B,2.538 B,7 M,38.813 B,24.788 B,375.076 M,526.570 M
6/30/2021,DISH,4.483 B,2.536 B,7 M,39.624 B,24.898 B,385.396 M,527.690 M
9/30/2021,DISH,4.446 B,2.567 B,7 M,41.214 B,25.876 B,470.826 M,528.229 M
12/31/2021,DISH,4.447 B,2.545 B,8 M,48.002 B,32.079 B,534.937 M,528.867 M
3/31/2022,DISH,4.328 B,2.483 B,10 M,49.202 B,32.810 B,536.893 M,529.067 M
6/30/2022,DISH,4.208 B,2.329 B,12 M,49.858 B,32.880 B,585.758 M,530.091 M
9/30/2022,DISH,4.092 B,2.382 B,12 M,49.003 B,31.566 B,570.545 M,530.436 M
12/31/2022,DISH,4.043 B,2.365 B,11 M,52.607 B,34.198 B,502.373 M,530.846 M
1/14/2022,DISH,,,,36.216 B,0,0,0
5/5/2018,ADI,1.513 B,491.038 M,289.381 M,20.776 B,10.191 B,551.220 M,370.897 M
8/4/2018,ADI,1.573 B,497.557 M,291.551 M,20.549 B,9.692 B,563.645 M,371.670 M
11/3/2018,ADI,1.597 B,490.585 M,295.609 M,20.438 B,9.170 B,586.760 M,370.160 M
2/2/2019,ADI,1.541 B,501.445 M,287.382 M,21.828 B,10.243 B,593.211 M,368.314 M
5/4/2019,ADI,1.527 B,492.510 M,285.846 M,21.776 B,10.034 B,608.085 M,369.761 M
8/3/2019,ADI,1.480 B,482.332 M,280.102 M,21.567 B,9.776 B,638.305 M,369.406 M
11/2/2019,ADI,1.392 B,501.028 M,277.018 M,21.393 B,9.683 B,609.886 M,368.302 M
2/1/2020,ADI,1.304 B,455.423 M,257.073 M,21.377 B,9.687 B,588.503 M,368.220 M
5/2/2020,ADI,1.317 B,470.386 M,252.413 M,21.351 B,9.760 B,590.268 M,368.425 M
8/1/2020,ADI,1.456 B,483.558 M,260.794 M,21.600 B,9.822 B,612.646 M,369.166 M
10/31/2020,ADI,1.478 B,503.211 M,280.239 M,21.469 B,9.471 B,608.260 M,369.485 M
1/30/2021,ADI,1.558 B,513.087 M,288.150 M,21.440 B,9.352 B,618.640 M,368.894 M
5/1/2021,ADI,1.661 B,524.770 M,302.238 M,21.588 B,9.421 B,641.202 M,368.827 M
7/31/2021,ADI,1.759 B,537.669 M,306.617 M,21.641 B,9.377 B,657.520 M,368.214 M
10/30/2021,ADI,2.070 B,1.218 B,399.121 M,52.322 B,14.330 B,1.201 B,525.331 M
1/29/2022,ADI,2.632 B,1.282 B,426.780 M,51.216 B,13.788 B,972.571 M,523.315 M
4/30/2022,ADI,2.923 B,1.028 B,420.901 M,50.801 B,13.701 B,1.075 B,519.806 M
7/30/2022,ADI,3.059 B,1.067 B,431.829 M,50.346 B,13.708 B,1.203 B,514.342 M
10/29/2022,ADI,3.196 B,1.105 B,421.008 M,50.302 B,13.837 B,1.400 B,509.296 M
1/28/2023,ADI,3.189 B,1.125 B,414.095 M,50.235 B,13.703 B,1.523 B,505.852 M
3/31/2018,ADP,3.696 B,2.079 B,162.500 M,44.066 B,40.036 B,0,441.700 M
6/30/2018,ADP,3.316 B,1.942 B,152.600 M,38.849 B,34.113 B,0,438.800 M
9/30/2018,ADP,3.310 B,1.928 B,158 M,37.417 B,32.738 B,0,438.200 M
12/31/2018,ADP,3.492 B,2.000 B,156.100 M,38.806 B,34.042 B,0,436.200 M
3/31/2019,ADP,3.828 B,2.093 B,0,48.196 B,42.950 B,0,435.500 M
6/30/2019,ADP,3.479 B,2.001 B,0,41.888 B,36.488 B,0,434.200 M
9/30/2019,ADP,3.496 B,2.045 B,0,37.715 B,32.354 B,0,433.400 M
12/31/2019,ADP,3.670 B,2.094 B,0,49.059 B,43.695 B,0,431.800 M
3/31/2020,ADP,4.048 B,2.239 B,0,43.383 B,37.893 B,0,429.800 M
6/30/2020,ADP,3.377 B,2.067 B,0,39.166 B,33.413 B,0,429.900 M
9/30/2020,ADP,3.471 B,2.034 B,0,42.390 B,36.581 B,0,429.300 M
12/31/2020,ADP,3.682 B,2.122 B,0,49.326 B,43.426 B,0,428.100 M
3/31/2021,ADP,4.088 B,2.278 B,0,54.408 B,48.734 B,0,426 M
6/30/2021,ADP,3.768 B,2.205 B,0,48.773 B,43.102 B,0,423.700 M
9/30/2021,ADP,3.815 B,2.223 B,0,59.987 B,54.636 B,0,422 M
12/31/2021,ADP,4.007 B,2.341 B,0,59.103 B,54.053 B,0,420.400 M
3/31/2022,ADP,4.494 B,2.512 B,0,72.068 B,67.875 B,0,418.200 M
6/30/2022,ADP,4.183 B,2.386 B,0,63.068 B,59.843 B,0,416.100 M
9/30/2022,ADP,4.163 B,2.394 B,0,46.365 B,43.788 B,0,415.200 M
12/31/2022,ADP,4.322 B,2.451 B,0,54.453 B,51.466 B,0,414.400 M
4/30/2018,ZM,60.070 M,11.660 M,6.264 M,,,,
7/31/2018,ZM,74.526 M,12.973 M,7.049 M,,,,
10/31/2018,ZM,90.121 M,16.843 M,8.893 M,,,,
1/31/2019,ZM,105.800 M,19.525 M,10.808 M,,,,
4/30/2019,ZM,121.988 M,24.104 M,13.783 M,999.052 M,279.324 M,0,109.709 M
7/31/2019,ZM,145.826 M,27.900 M,15.054 M,1.070 B,326.127 M,0,271.813 M
10/31/2019,ZM,166.593 M,30.845 M,17.573 M,1.188 B,415.540 M,0,273.317 M
1/31/2020,ZM,188.251 M,32.547 M,20.669 M,1.290 B,455.902 M,0,276.679 M
4/30/2020,ZM,328.167 M,103.707 M,26.389 M,2.068 B,1.166 B,0,279.891 M
7/31/2020,ZM,663.520 M,192.271 M,42.734 M,2.625 B,1.426 B,0,282.851 M
10/31/2020,ZM,777.196 M,258.727 M,42.582 M,3.050 B,1.550 B,0,284.783 M
1/31/2021,ZM,882.485 M,267.284 M,52.375 M,5.298 B,1.437 B,0,287.721 M
4/30/2021,ZM,956.237 M,264.994 M,65.175 M,5.889 B,1.696 B,0,293.795 M
7/31/2021,ZM,1.021 B,261.256 M,82.311 M,6.509 B,1.851 B,0,295.713 M
10/31/2021,ZM,1.051 B,270.957 M,98.508 M,6.979 B,1.865 B,0,297.375 M
1/31/2022,ZM,1.071 B,257.347 M,116.996 M,7.551 B,1.771 B,0,298.397 M
4/30/2022,ZM,1.074 B,261.821 M,144.291 M,7.957 B,2.009 B,0,299.147 M
7/31/2022,ZM,1.099 B,273.611 M,172.564 M,8.048 B,2.057 B,0,298.553 M
10/31/2022,ZM,1.102 B,270.665 M,195.946 M,7.837 B,2.081 B,0,295.537 M
1/31/2023,ZM,1.118 B,294.354 M,261.258 M,8.128 B,1.921 B,0,292.944 M
5/31/2018,MU,7.797 B,3.074 B,603 M,41.845 B,12.322 B,3.369 B,1.160 B
8/30/2018,MU,8.440 B,3.289 B,567 M,43.376 B,10.112 B,3.595 B,1.161 B
11/29/2018,MU,7.889 B,3.298 B,611 M,44.595 B,9.757 B,3.876 B,1.120 B
2/28/2019,MU,5.805 B,2.971 B,601 M,47.487 B,11.958 B,4.390 B,1.106 B
5/30/2019,MU,4.758 B,2.960 B,606 M,46.288 B,9.999 B,4.905 B,1.104 B
8/29/2019,MU,4.870 B,3.475 B,623 M,48.887 B,12.019 B,5.118 B,1.106 B
11/28/2019,MU,5.137 B,3.778 B,640 M,49.649 B,13.051 B,4.943 B,1.108 B
2/27/2020,MU,4.749 B,3.442 B,681 M,49.648 B,12.527 B,5.208 B,1.112 B
5/28/2020,MU,5.384 B,3.675 B,649 M,52.005 B,14.087 B,5.405 B,1.112 B
9/3/2020,MU,6.016 B,3.988 B,630 M,53.678 B,14.682 B,5.373 B,1.113 B
12/3/2020,MU,5.725 B,4.037 B,647 M,53.691 B,13.784 B,5.521 B,1.117 B
3/4/2021,MU,6.194 B,4.587 B,641 M,54.135 B,13.472 B,4.743 B,1.121 B
6/3/2021,MU,7.375 B,4.296 B,670 M,55.943 B,13.684 B,4.537 B,1.120 B
9/2/2021,MU,8.251 B,4.362 B,705 M,58.849 B,14.916 B,4.487 B,1.119 B
12/2/2021,MU,7.559 B,4.122 B,712 M,61.246 B,15.338 B,4.827 B,1.120 B
3/3/2022,MU,7.731 B,4.110 B,792 M,63.696 B,15.851 B,5.383 B,1.118 B
6/2/2022,MU,8.642 B,4.607 B,773 M,65.296 B,16.015 B,5.629 B,1.105 B
9/1/2022,MU,6.643 B,4.021 B,839 M,66.283 B,16.376 B,6.663 B,1.094 B
12/1/2022,MU,4.085 B,3.192 B,849 M,67.874 B,18.568 B,8.359 B,1.091 B
3/2/2023,MU,3.604 B,4.899 B,788 M,66.520 B,19.263 B,8.129 B,1.094 B
4/29/2018,AMAT,4.579 B,2.523 B,509 M,18.498 B,11.456 B,3.494 B,1.029 B
7/29/2018,AMAT,4.162 B,2.298 B,505 M,17.883 B,11.058 B,3.681 B,994 M
10/28/2018,AMAT,3.759 B,2.102 B,519 M,17.633 B,10.788 B,3.721 B,967 M
1/27/2019,AMAT,3.753 B,2.088 B,516 M,18.922 B,10.713 B,3.703 B,957 M
4/28/2019,AMAT,3.539 B,2.009 B,508 M,18.775 B,10.574 B,3.677 B,942 M
7/28/2019,AMAT,3.562 B,2.005 B,515 M,18.805 B,10.689 B,3.539 B,929 M
10/27/2019,AMAT,3.754 B,2.120 B,515 M,19.024 B,10.810 B,3.474 B,916 M
1/26/2020,AMAT,4.162 B,2.304 B,552 M,19.767 B,11.107 B,3.472 B,916 M
4/26/2020,AMAT,3.957 B,2.208 B,550 M,21.815 B,12.791 B,3.725 B,917 M
7/26/2020,AMAT,4.395 B,2.440 B,572 M,21.171 B,11.602 B,3.952 B,915 M
10/25/2020,AMAT,4.688 B,2.558 B,560 M,22.353 B,11.775 B,3.904 B,914 M
1/31/2021,AMAT,5.162 B,2.813 B,606 M,23.305 B,11.832 B,3.925 B,915 M
5/2/2021,AMAT,5.549 B,2.929 B,617 M,24.085 B,12.092 B,4.053 B,918 M
8/1/2021,AMAT,6.148 B,3.229 B,640 M,24.479 B,12.419 B,4.117 B,908 M
10/31/2021,AMAT,6.021 B,3.178 B,622 M,25.825 B,13.578 B,4.309 B,892 M
1/30/2022,AMAT,6.206 B,3.312 B,654 M,25.428 B,13.538 B,4.526 B,889 M
5/1/2022,AMAT,6.245 B,3.318 B,686 M,25.459 B,13.880 B,5.009 B,878 M
7/31/2022,AMAT,6.484 B,3.514 B,705 M,26.161 B,14.091 B,5.506 B,864 M
10/30/2022,AMAT,6.706 B,3.648 B,726 M,26.726 B,14.532 B,5.932 B,844 M
1/29/2023,AMAT,6.643 B,3.594 B,771 M,27.959 B,14.539 B,6.054 B,845 M
6/30/2018,FSLY,34.448 M,15.695 M,8.099 M,,,,
9/30/2018,FSLY,36.820 M,16.711 M,9.233 M,,,,
12/31/2018,FSLY,40.797 M,17.709 M,9.307 M,,,,
3/31/2019,FSLY,45.556 M,19.718 M,10.176 M,,,,
6/30/2019,FSLY,46.173 M,20.784 M,11.244 M,356.376 M,89.054 M,0,93.429 M
9/30/2019,FSLY,49.797 M,22.292 M,12.121 M,327.320 M,67.905 M,0,93.347 M
12/31/2019,FSLY,58.936 M,25.528 M,12.951 M,320.969 M,63.317 M,0,94.818 M
3/31/2020,FSLY,62.924 M,27.265 M,14.298 M,323.846 M,67.796 M,0,95.401 M
6/30/2020,FSLY,74.663 M,29.697 M,16.655 M,607.864 M,65.699 M,0,99.835 M
9/30/2020,FSLY,70.638 M,29.292 M,18.271 M,631.518 M,96.398 M,0,105.942 M
12/31/2020,FSLY,82.649 M,33.753 M,25.590 M,1.220 B,158.086 M,0,113.623 M
3/31/2021,FSLY,84.852 M,37.494 M,28.988 M,2.138 B,1.093 B,0,114.134 M
6/30/2021,FSLY,85.026 M,40.320 M,30.346 M,2.137 B,1.108 B,0,115.326 M
9/30/2021,FSLY,86.735 M,41.244 M,32.528 M,2.139 B,1.123 B,0,116.475 M
12/31/2021,FSLY,97.717 M,47.944 M,34.997 M,2.159 B,1.145 B,0,118.811 M
3/31/2022,FSLY,102.382 M,53.915 M,40.437 M,2.134 B,1.158 B,0,119.673 M
6/30/2022,FSLY,102.518 M,56.466 M,38.717 M,1.933 B,939.057 M,0,121.242 M
9/30/2022,FSLY,108.504 M,55.825 M,38.957 M,1.907 B,939.619 M,0,122.339 M
12/31/2022,FSLY,119.321 M,56.738 M,37.197 M,1.896 B,940.955 M,0,124.336 M
3/31/2018,SQ,668.603 M,21.282 M,105.095 M,2.380 B,1.570 B,20.899 M,395.948 M
6/30/2018,SQ,814.938 M,499.122 M,114.800 M,3.555 B,2.473 B,22.041 M,403.301 M
9/30/2018,SQ,882.108 M,529.448 M,135.773 M,3.973 B,2.851 B,25.294 M,409.690 M
12/31/2018,SQ,932.528 M,552.474 M,141.811 M,3.281 B,2.161 B,28.627 M,413.984 M
3/31/2019,SQ,959.359 M,562.605 M,154.350 M,4.403 B,3.281 B,26.679 M,419.289 M
6/30/2019,SQ,1.174 B,708.393 M,174.201 M,4.654 B,3.470 B,29.354 M,423.305 M
9/30/2019,SQ,1.266 B,766.437 M,168.771 M,4.001 B,2.751 B,44.690 M,427.124 M
12/31/2019,SQ,1.313 B,786.380 M,176.843 M,4.551 B,2.836 B,47.683 M,430.279 M
3/31/2020,SQ,1.381 B,842.608 M,194.986 M,6.004 B,4.196 B,54.719 M,434.940 M
6/30/2020,SQ,1.924 B,1.327 B,207.730 M,7.812 B,5.886 B,55.422 M,440.117 M
9/30/2020,SQ,3.034 B,2.239 B,227.550 M,8.114 B,6.051 B,70.422 M,444.458 M
12/31/2020,SQ,3.159 B,2.355 B,250.670 M,9.870 B,7.188 B,61.129 M,452.939 M
3/31/2021,SQ,5.057 B,4.300 M,310.141 M,11.349 B,9.034 B,63.825 M,454.973 M
6/30/2021,SQ,4.681 B,5.405 M,324.059 M,13.816 B,11.079 B,58.786 M,455.431 M
9/30/2021,SQ,3.845 B,6.351 M,360.729 M,13.909 B,10.905 B,73.413 M,460.654 M
12/31/2021,SQ,4.079 B,6.589 M,391.343 M,15.026 B,11.713 B,77.058 M,462.611 M
3/31/2022,SQ,3.961 B,15.469 M,484.761 M,29.127 B,11.677 B,72.340 M,541.435 M
6/30/2022,SQ,4.404 B,17.899 M,524.827 M,28.885 B,11.994 B,78.737 M,581.350 M
9/30/2022,SQ,4.516 B,18.506 M,548.037 M,29.121 B,12.591 B,102.962 M,592.672 M
12/31/2022,SQ,4.651 B,18.320 M,604.524 M,31.364 B,14.113 B,97.703 M,599.094 M
3/31/2018,TWLO,129.116 M,59.582 M,37.576 M,482.795 M,120.255 M,0,95.692 M
6/30/2018,TWLO,147.754 M,67.940 M,39.811 M,985.848 M,556.177 M,0,97.339 M
9/30/2018,TWLO,168.895 M,77.031 M,42.340 M,1.004 B,569.444 M,0,98.727 M
12/31/2018,TWLO,204.302 M,96.288 M,51.631 M,1.029 B,590.475 M,0,100.080 M
3/31/2019,TWLO,233.139 M,107.089 M,77.855 M,4.120 B,792.560 M,0,126.078 M
6/30/2019,TWLO,275.039 M,125.024 M,98.783 M,5.109 B,812.245 M,0,135.762 M
9/30/2019,TWLO,295.066 M,136.904 M,104.481 M,5.110 B,825.682 M,0,137.073 M
12/31/2019,TWLO,331.224 M,156.534 M,110.236 M,5.151 B,871.105 M,0,138.413 M
3/31/2020,TWLO,364.868 M,171.333 M,114.339 M,5.166 B,909.740 M,0,139.232 M
6/30/2020,TWLO,400.849 M,191.718 M,120.701 M,5.291 B,968.979 M,0,141.619 M
9/30/2020,TWLO,447.969 M,217.095 M,136.652 M,6.724 B,961.434 M,0,147.501 M
12/31/2020,TWLO,548.090 M,265.969 M,158.856 M,9.487 B,1.035 B,0,164.048 M
3/31/2021,TWLO,589.988 M,291.684 M,174.800 M,12.242 B,1.995 B,0,167.160 M
6/30/2021,TWLO,668.931 M,337.684 M,181.280 M,12.534 B,1.839 B,0,173.407 M
9/30/2021,TWLO,740.176 M,375.561 M,209.890 M,12.977 B,1.895 B,0,177.231 M
12/31/2021,TWLO,842.744 M,446.197 M,223.249 M,12.999 B,1.967 B,0,180.468 M
3/31/2022,TWLO,875.363 M,450.292 M,240.611 M,12.891 B,1.973 B,0,180.899 M
6/30/2022,TWLO,943.354 M,498.065 M,279.641 M,12.869 B,2.027 B,0,182.348 M
9/30/2022,TWLO,983.030 M,520.955 M,284.735 M,12.613 B,2.082 B,0,183.693 M
12/31/2022,TWLO,1.025 B,543.432 M,274.094 M,12.564 B,2.005 B,0,185.976 M
4/30/2018,ZS,49.163 M,2.600 M,9.907 M,405.538 M,162.346 M,0,119.819 M
7/31/2018,ZS,56.174 M,2.500 M,11.480 M,447.781 M,207.545 M,0,119.764 M
10/31/2018,ZS,63.298 M,3 M,13.186 M,458.094 M,205.916 M,0,122.106 M
1/31/2019,ZS,74.302 M,3.400 M,15.071 M,518.113 M,241.040 M,0,123.987 M
4/30/2019,ZS,79.128 M,3.600 M,16.499 M,537.536 M,250.957 M,0,125.552 M
7/31/2019,ZS,86.108 M,3.800 M,17.213 M,604.162 M,295.604 M,0,127.253 M
10/31/2019,ZS,93.590 M,19.558 M,20.271 M,636.228 M,322.176 M,0,127.926 M
1/31/2020,ZS,101.268 M,20.238 M,20.706 M,676.425 M,357.261 M,0,129.266 M
4/30/2020,ZS,110.524 M,24.579 M,24.117 M,735.964 M,401.170 M,0,130.347 M
7/31/2020,ZS,125.887 M,31.358 M,32.785 M,1.833 B,1.349 B,0,132.817 M
10/31/2020,ZS,142.578 M,31.727 M,35.770 M,1.853 B,1.361 B,0,134.163 M
1/31/2021,ZS,157.044 M,34.135 M,41.751 M,1.969 B,1.467 B,0,135.858 M
4/30/2021,ZS,176.404 M,38.977 M,40.952 M,2.062 B,1.554 B,0,136.895 M
7/31/2021,ZS,197.074 M,45.478 M,56.180 M,2.258 B,1.729 B,0,138.662 M
10/31/2021,ZS,230.517 M,52.169 M,65.216 M,2.271 B,1.741 B,0,140.032 M
1/31/2022,ZS,255.563 M,57.783 M,69.195 M,2.422 B,1.883 B,0,141.063 M
4/30/2022,ZS,286.807 M,64.022 M,76.578 M,2.525 B,1.993 B,0,141.847 M
7/31/2022,ZS,318.059 M,68.308 M,78.150 M,2.833 B,2.259 B,0,143.038 M
10/31/2022,ZS,355.548 M,76.697 M,74.946 M,2.836 B,2.404 B,0,144.210 M
1/31/2023,ZS,387.598 M,87.604 M,85.765 M,3.040 B,2.511 B,0,145.087 M
4/30/2018,CRWD,47.289 M,19.394 M,17.615 M,,,,
7/31/2018,CRWD,55.701 M,18.575 M,18.963 M,,,,
10/31/2018,CRWD,66.379 M,22.274 M,25.968 M,,,,
1/31/2019,CRWD,80.455 M,26.995 M,22.005 M,,,,
4/30/2019,CRWD,98.376 M,29.273 M,23.875 M,457.361 M,384.626 M,0,48.127 M
7/31/2019,CRWD,110.244 M,31.582 M,31.630 M,1.172 B,443.489 M,0,225.893 M
10/31/2019,CRWD,127.187 M,37.355 M,35.992 M,1.256 B,539.012 M,0,205.479 M
1/31/2020,CRWD,154.164 M,43.416 M,38.691 M,1.405 B,662.299 M,0,212.948 M
4/30/2020,CRWD,178.835 M,46.895 M,40.578 M,1.519 B,766.243 M,0,213.129 M
7/31/2020,CRWD,199.797 M,54.391 M,50.483 M,1.617 B,824.937 M,0,216.695 M
10/31/2020,CRWD,233.367 M,61.527 M,57.539 M,1.750 B,934.724 M,0,219.401 M
1/31/2021,CRWD,265.165 M,66.732 M,66.070 M,2.733 B,1.861 B,0,221.728 M
4/30/2021,CRWD,298.394 M,78.505 M,78.180 M,2.881 B,2.028 B,0,224.153 M
7/31/2021,CRWD,333.194 M,90.432 M,90.455 M,3.136 B,2.225 B,0,226.362 M
10/31/2021,CRWD,375.448 M,101.664 M,97.630 M,3.300 B,2.340 B,0,228.293 M
1/31/2022,CRWD,427.267 M,112.620 M,105.018 M,3.618 B,2.581 B,0,229.692 M
4/30/2022,CRWD,481.536 M,126.832 M,123.399 M,3.836 B,2.719 B,0,231.179 M
7/31/2022,CRWD,528.818 M,140.567 M,137.864 M,4.154 B,2.911 B,0,232.554 M
10/31/2022,CRWD,590.793 M,158.228 M,155.256 M,4.469 B,3.132 B,0,233.785 M
1/31/2023,CRWD,668.531 M,175.604 M,191.845 M,5.027 B,3.539 B,0,235.050 M
4/30/2018,MDB,48.222 M,13.749 M,18.645 M,400.227 M,227.720 M,0,50.597 M
7/31/2018,MDB,56.196 M,16.494 M,21.430 M,663.930 M,455.306 M,0,52.085 M
10/31/2018,MDB,64.985 M,17.758 M,23.179 M,670.670 M,473.425 M,0,53.496 M
1/31/2019,MDB,86.029 M,25.567 M,26.600 M,733.476 M,468.910 M,0,54.322 M
4/30/2019,MDB,84.699 M,28.172 M,30.868 M,734.241 M,486.373 M,0,55.276 M
7/31/2019,MDB,94.428 M,30.202 M,37.140 M,741.597 M,502.254 M,0,56.239 M
10/31/2019,MDB,104.628 M,32.191 M,39.387 M,734.985 M,516.150 M,0,56.679 M
1/31/2020,MDB,102.460 M,34.791 M,41.638 M,1.329 B,1.246 B,0,57.383 M
4/30/2020,MDB,116.534 M,37.677 M,45.632 M,1.337 B,1.274 B,0,57.997 M
7/31/2020,MDB,124.331 M,42.304 M,49.255 M,1.355 B,1.307 B,0,58.858 M
10/31/2020,MDB,136.678 M,46.110 M,54.363 M,1.356 B,1.334 B,0,60.156 M
1/31/2021,MDB,156.144 M,50.985 M,55.911 M,1.407 B,1.408 B,0,60.898 M
4/30/2021,MDB,177.675 M,54.528 M,64.751 M,1.378 B,1.646 B,0,61.362 M
7/31/2021,MDB,196.191 M,60.702 M,72.396 M,2.281 B,1.608 B,0,63.427 M
10/31/2021,MDB,224.296 M,68.464 M,82.256 M,2.352 B,1.689 B,0,66.386 M
1/31/2022,MDB,262.973 M,75.798 M,89.417 M,2.450 B,1.783 B,0,67.444 M
4/30/2022,MDB,282.413 M,78.215 M,96.372 M,2.435 B,1.762 B,0,68.061 M
7/31/2022,MDB,301.231 M,88.277 M,108.037 M,2.452 B,1.783 B,0,68.687 M
10/31/2022,MDB,331.124 M,93.652 M,106.392 M,2.467 B,1.783 B,0,69.256 M
1/31/2023,MDB,356.080 M,89.160 M,110.891 M,2.589 B,1.849 B,0,69.535 M
4/30/2018,OKTA,83.621 M,24.107 M,19.929 M,726.904 M,477.287 M,0,106.492 M
7/31/2018,OKTA,94.586 M,28.228 M,24.829 M,763.917 M,518.772 M,0,108.994 M
10/31/2018,OKTA,105.576 M,29.700 M,27.596 M,796.709 M,552.206 M,0,110.346 M
1/31/2019,OKTA,100.399 M,31.386 M,30.031 M,984.313 M,731.936 M,0,112.152 M
4/30/2019,OKTA,120.982 M,35.095 M,34.032 M,998.542 M,759.098 M,0,114.139 M
7/31/2019,OKTA,136.876 M,38.780 M,40.045 M,1.027 B,776.085 M,0,116.748 M
10/31/2019,OKTA,131.439 M,40.824 M,41.832 M,1.871 B,1.472 B,0,121.131 M
1/31/2020,OKTA,157.681 M,44.683 M,43.360 M,1.955 B,1.550 B,0,122.638 M
4/30/2020,OKTA,172.095 M,48.486 M,48.494 M,2.037 B,1.624 B,0,123.494 M
7/31/2020,OKTA,181.341 M,51.147 M,53.866 M,3.115 B,2.430 B,0,126.319 M
10/31/2020,OKTA,194.922 M,56.908 M,58.150 M,3.170 B,2.490 B,0,128.813 M
1/31/2021,OKTA,212.143 M,61.459 M,62.490 M,3.299 B,2.605 B,0,130.182 M
4/30/2021,OKTA,228.110 M,66.123 M,68.863 M,3.430 B,2.748 B,0,131.777 M
7/31/2021,OKTA,292.585 M,101.106 M,122.407 M,8.932 B,2.890 B,0,151.357 M
10/31/2021,OKTA,327.536 M,109.674 M,130.535 M,8.997 B,3.012 B,0,153.756 M
1/31/2022,OKTA,359.609 M,119.097 M,147.195 M,9.206 B,3.284 B,0,154.798 M
4/30/2022,OKTA,412.075 M,131.165 M,161.651 M,9.046 B,3.573 B,0,155.875 M
7/31/2022,OKTA,448.892 M,137.694 M,155.836 M,9.074 B,3.621 B,0,157.400 M
10/31/2022,OKTA,478.237 M,137.653 M,148.484 M,9.094 B,3.686 B,0,158.708 M
1/31/2023,OKTA,507.796 M,139.488 M,154.029 M,9.307 B,3.841 B,0,160.060 M
3/31/2018,ROKU,136.525 M,73.464 M,34.126 M,360.480 M,167.004 M,38.062 M,99.506 M
6/30/2018,ROKU,156.753 M,79.058 M,40.196 M,381.668 M,169.903 M,39.431 M,102.652 M
9/30/2018,ROKU,173.269 M,94.388 M,45.370 M,428.358 M,206.482 M,68.803 M,106.884 M
12/31/2018,ROKU,275.739 M,163.448 M,51 M,464.997 M,220.346 M,35.585 M,109.770 M
3/31/2019,ROKU,206.662 M,105.771 M,55.738 M,628.132 M,267.198 M,33.398 M,110.896 M
6/30/2019,ROKU,250.101 M,135.892 M,61.994 M,820.825 M,360.143 M,39.443 M,114.572 M
9/30/2019,ROKU,261.592 M,142.451 M,68.487 M,897.305 M,433.528 M,73.531 M,116.681 M
12/31/2019,ROKU,411.230 M,249.583 M,78.792 M,1.470 B,771.808 M,49.714 M,119.897 M
3/31/2020,ROKU,321.552 M,179.665 M,88.278 M,1.542 B,865.796 M,43.978 M,120.180 M
6/30/2020,ROKU,356.972 M,209.237 M,84.387 M,1.846 B,830.869 M,45.001 M,122.614 M
9/30/2020,ROKU,451.947 M,236.839 M,88.388 M,2.104 B,887.635 M,62.609 M,125.687 M
12/31/2020,ROKU,649.886 M,344.428 M,94.731 M,2.271 B,942.527 M,53.895 M,128.004 M
3/31/2021,ROKU,574.183 M,247.412 M,101.581 M,3.487 B,1.046 B,41.246 M,129.674 M
6/30/2021,ROKU,645.319 M,306.853 M,113.276 M,3.639 B,1.078 B,47.996 M,132.705 M
9/30/2021,ROKU,679.953 M,316.034 M,120.307 M,3.912 B,1.229 B,75.945 M,133.685 M
12/31/2021,ROKU,864.129 M,485.685 M,126.438 M,4.082 B,1.316 B,50.276 M,135.137 M
3/31/2022,ROKU,733.699 M,368.892 M,163.998 M,4.226 B,1.413 B,72.863 M,135.539 M
6/30/2022,ROKU,764.406 M,409.257 M,196.637 M,4.314 B,1.518 B,76.077 M,136.849 M
9/30/2022,ROKU,761.373 M,404.586 M,207.608 M,4.392 B,1.614 B,119.252 M,138.571 M
12/31/2022,ROKU,863.134 M,502.677 M,220.670 M,4.413 B,1.766 B,106.747 M,140.027 M
9/30/2019,U,130.943 M,26.451 M,64.034 M,,,,
12/31/2019,U,158.071 M,29.995 M,73.096 M,,,,
3/31/2020,U,166.994 M,31.868 M,81.751 M,,,,
6/30/2020,U,184.331 M,40.432 M,85.108 M,,,,
9/30/2020,U,200.177 M,47.540 M,116.648 M,2.606 B,545.790 M,0,270.967 M
12/31/2020,U,220.873 M,52.507 M,120.008 M,2.671 B,634.082 M,0,273.537 M
3/31/2021,U,234.750 M,58.734 M,154.015 M,2.650 B,633.230 M,0,279.170 M
6/30/2021,U,273.170 M,57.725 M,154.216 M,2.662 B,691.949 M,0,282.177 M
9/30/2021,U,286.421 M,63.517 M,178.413 M,2.678 B,711.175 M,0,285.711 M
12/31/2021,U,315.379 M,73.654 M,209.066 M,4.841 B,2.447 B,0,292.592 M
3/31/2022,U,319.015 M,93.833 M,221.040 M,4.947 B,2.585 B,0,295.847 M
6/30/2022,U,295.920 M,96.836 M,215.960 M,4.840 B,2.558 B,0,298.028 M
9/30/2022,U,321.746 M,111.903 M,248.380 M,4.727 B,2.524 B,0,300.588 M
12/31/2022,U,447.160 M,139.928 M,274.111 M,7.834 B,4.080 B,0,374.243 M
