Symbol,Company Name
AAPL,Apple Inc.
MSFT,Microsoft Corporation
GOOG,Alphabet Inc.
AMZN,"Amazon.com, Inc."
NVDA,NVIDIA Corporation
TSLA,"Tesla, Inc."
META,"Meta Platforms, Inc."
BABA,Alibaba Group Holding Limited
CRM,"Salesforce, Inc."
AMD,"Advanced Micro Devices, Inc."
INTC,Intel Corporation
PYPL,"PayPal Holdings, Inc."
ATVI,"Activision Blizzard, Inc."
EA,Electronic Arts Inc.
TTD,"The Trade Desk, Inc."
MTCH,"Match Group, Inc."
ZG,"Zillow Group, Inc."
YELP,Yelp Inc.
CSCO,Cisco Systems Inc
ADBE,Adobe Inc.
AGYS,"Agilysys, Inc "
COUP,Coupa Software Inc 
PD,Pagerduty Inc 
DOCU,DocuSign Inc 
BOX,Box Inc 
PRO,Pros Holdings Inc 
VRNS,Varonis Systems Inc 
AYX,Alteryx Inc
SMAR,Smartsheet Inc 
AVGO,Broadcom Inc
ACN,Accenture pc
TXN,Texas Instruments
ORCL,Oracle Corp